ticker,month,open,high,low,close,volume,vwap
AAPL,2000-01,0.7084,0.911,0.6486,0.6537,12555177600,0.6537
AAPL,2000-02,0.7798,0.8993,0.7273,0.8594,7319782400,0.8594
AAPL,2000-03,0.9522,1.1275,0.8547,1.0183,8698356800,1.0183
AAPL,2000-04,1.0159,1.0459,0.7863,0.9302,8662404800,0.9302
AAPL,2000-05,0.9363,0.9466,0.6129,0.6298,9807750400,0.6298
AAPL,2000-06,0.7029,0.8641,0.6026,0.7854,8105204800,0.7854
AAPL,2000-07,0.8772,0.9091,0.7029,0.762,5746770400,0.762
AAPL,2000-08,0.7545,0.9222,0.6636,0.9138,5636086400,0.9138
AAPL,2000-09,0.9194,0.9616,0.3805,0.3861,14516930400,0.3861
AAPL,2000-10,0.3355,0.4011,0.2624,0.2933,21905788800,0.2933
AAPL,2000-11,0.2915,0.3449,0.2418,0.2474,8488373600,0.2474
AAPL,2000-12,0.2549,0.2624,0.2043,0.2231,8858970400,0.2231
AAPL,2001-01,0.268,0.3374,0.2165,0.3243,13709460800,0.3243
AAPL,2001-02,0.2952,0.329,0.2699,0.2737,7023766400,0.2737
AAPL,2001-03,0.2746,0.3561,0.2577,0.331,10799062400,0.331
AAPL,2001-04,0.3313,0.4067,0.2812,0.3822,11158991200,0.3822
AAPL,2001-05,0.381,0.4004,0.2894,0.2992,7468434400,0.2992
AAPL,2001-06,0.3019,0.3764,0.2902,0.3486,7638265600,0.3486
AAPL,2001-07,0.3731,0.3782,0.2677,0.2818,8655102400,0.2818
AAPL,2001-08,0.2855,0.2984,0.2591,0.2782,5129359200,0.2782
AAPL,2001-09,0.2774,0.2861,0.2201,0.2326,5531523200,0.2326
AAPL,2001-10,0.2302,0.2912,0.2224,0.2633,7544247200,0.2633
AAPL,2001-11,0.2647,0.3232,0.2587,0.3194,5369744800,0.3194
AAPL,2001-12,0.3059,0.3603,0.3013,0.3284,4629839200,0.3284
AAPL,2002-01,0.3299,0.3708,0.3037,0.3707,8515376800,0.3707
AAPL,2002-02,0.365,0.3896,0.314,0.3254,7837424000,0.3254
AAPL,2002-03,0.3289,0.3794,0.3272,0.3549,5318583200,0.3549
AAPL,2002-04,0.3506,0.3924,0.3449,0.3639,6422836000,0.3639
AAPL,2002-05,0.3642,0.3896,0.332,0.3494,5976157600,0.3494
AAPL,2002-06,0.3423,0.3516,0.2396,0.2657,8708016800,0.2657
AAPL,2002-07,0.2324,0.2818,0.2069,0.2288,8118415200,0.2288
AAPL,2002-08,0.2266,0.2437,0.2095,0.2212,5151686400,0.2212
AAPL,2002-09,0.2173,0.2278,0.2107,0.2174,5291837600,0.2174
AAPL,2002-10,0.2282,0.2465,0.2003,0.241,6611432800,0.241
AAPL,2002-11,0.239,0.2606,0.2251,0.2324,4531721600,0.2324
AAPL,2002-12,0.2099,0.2414,0.2066,0.211,4530439200,0.211
AAPL,2003-01,0.2131,0.2306,0.2033,0.2153,6045832800,0.2153
AAPL,2003-02,0.2161,0.2294,0.2069,0.2251,4114303200,0.2251
AAPL,2003-03,0.221,0.2273,0.2105,0.212,4028404800,0.212
AAPL,2003-04,0.2183,0.2242,0.1907,0.2173,7775342400,0.2173
AAPL,2003-05,0.2137,0.2851,0.2099,0.2692,10811544800,0.2692
AAPL,2003-06,0.2714,0.2953,0.2494,0.2858,6113335200,0.2858
AAPL,2003-07,0.3134,0.3235,0.2776,0.3161,5218270400,0.3161
AAPL,2003-08,0.3149,0.3426,0.2912,0.339,4307564800,0.339
AAPL,2003-09,0.3398,0.3497,0.3022,0.3107,5347484800,0.3107
AAPL,2003-10,0.3106,0.375,0.3028,0.3432,7040191200,0.3432
AAPL,2003-11,0.3459,0.3494,0.2977,0.3136,4974104800,0.3136
AAPL,2003-12,0.3176,0.3284,0.2887,0.3205,5453873600,0.3205
AAPL,2004-01,0.3399,0.3725,0.3176,0.3383,7927802400,0.3383
AAPL,2004-02,0.3368,0.3614,0.3254,0.3587,4922030400,0.3587
AAPL,2004-03,0.3539,0.422,0.3539,0.4055,11626115200,0.4055
AAPL,2004-04,0.4032,0.4436,0.3822,0.3866,8930174400,0.3866
AAPL,2004-05,0.3899,0.4316,0.3824,0.4208,5304275200,0.4208
AAPL,2004-06,0.4167,0.5127,0.414,0.488,8227234400,0.488
AAPL,2004-07,0.4791,0.5043,0.431,0.485,9696579200,0.485
AAPL,2004-08,0.4676,0.5275,0.4454,0.5172,8011365600,0.5172
AAPL,2004-09,0.5143,0.5889,0.5127,0.5811,7673506400,0.5811
AAPL,2004-10,0.7774,0.7978,0.5646,0.7826,16094366400,0.7826
AAPL,2004-11,0.7873,1.0432,0.7804,1.0054,17439604000,1.0054
AAPL,2004-12,0.9719,1.0189,0.9237,0.9657,15948615200,0.9657
AAPL,2005-01,1.0474,1.168,0.9387,1.1532,25708244800,1.1532
AAPL,2005-02,1.1554,1.3628,1.1484,1.3454,21448946400,1.3454
AAPL,2005-03,1.3271,1.3529,1.1646,1.2497,14675920000,1.2497
AAPL,2005-04,1.2623,1.3331,1.0197,1.0815,19375518400,1.0815
AAPL,2005-05,1.086,1.2278,0.993,1.1924,12858294400,1.1924
AAPL,2005-06,1.1963,1.2224,1.0653,1.104,11327195600,1.104
AAPL,2005-07,1.2452,1.331,1.0884,1.2791,10094246400,1.2791
AAPL,2005-08,1.4213,1.4495,1.2602,1.4063,9400806800,1.4063
AAPL,2005-09,1.4096,1.6363,1.3823,1.6078,12347770400,1.6078
AAPL,2005-10,1.6243,1.7389,1.4357,1.7272,18643447200,1.7272
AAPL,2005-11,1.7167,2.1315,1.7056,2.034,13456427600,2.034
AAPL,2005-12,2.0679,2.2631,2.0637,2.1561,13064164400,2.1561
AAPL,2006-01,2.5702,2.5912,2.1255,2.2646,21878371200,2.2646
AAPL,2006-02,2.1666,2.2931,1.8864,2.1624,18760697200,2.1624
AAPL,2006-03,2.0814,2.0991,1.7296,1.881,23192632400,1.881
AAPL,2006-04,1.8624,2.1609,1.831,2.1111,20119282400,2.1111
AAPL,2006-05,2.1225,2.2133,1.7602,1.7926,15608779200,1.7926
AAPL,2006-06,1.7278,1.8924,1.6618,1.7176,17936623600,1.7176
AAPL,2006-07,1.5943,2.0583,1.5044,2.0382,17479742000,2.0382
AAPL,2006-08,2.0178,2.0994,1.8768,2.0082,17887646000,2.0082
AAPL,2006-09,2.0538,2.3327,2.034,2.3087,17721558400,2.3087
AAPL,2006-10,2.2328,2.4773,2.1773,2.4317,14387956800,2.4317
AAPL,2006-11,2.4323,2.794,2.333,2.749,13834884000,2.749
AAPL,2006-12,2.7532,2.7691,2.3024,2.5444,16890792800,2.5444
AAPL,2007-01,2.7622,2.9331,2.4563,2.5711,27209781200,2.5711
AAPL,2007-02,2.5861,2.7235,2.4851,2.5375,13722354800,2.5375
AAPL,2007-03,2.6023,2.904,2.5117,2.7865,15918644000,2.7865
AAPL,2007-04,2.7049,3.0741,2.6872,2.9931,13459740000,2.9931
AAPL,2007-05,2.9868,3.664,2.9556,3.6346,17365068000,3.6346
AAPL,2007-06,3.6319,3.8272,3.461,3.6601,23279541600,3.6601
AAPL,2007-07,4.1445,4.4663,3.5779,3.9516,24018573600,3.9516
AAPL,2007-08,4.008,4.1882,3.3476,4.1532,24360798000,4.1532
AAPL,2007-09,4.1969,4.6486,3.8988,4.6027,20931223600,4.6027
AAPL,2007-10,4.6951,5.7019,4.5865,5.6968,23277791600,5.6968
AAPL,2007-11,5.6563,5.7787,4.5176,5.465,26199790400,5.465
AAPL,2007-12,5.4542,6.087,5.3081,5.9406,17252678800,5.9406
AAPL,2008-01,4.8499,6.006,3.7831,4.0596,35173888400,4.0596
AAPL,2008-02,4.086,4.0965,3.4622,3.7495,24865954400,3.7495
AAPL,2008-03,3.7321,4.3709,3.5389,4.3037,22927273600,4.3037
AAPL,2008-04,4.4621,5.3984,4.307,5.2169,22786982400,5.2169
AAPL,2008-05,5.2472,5.7655,5.1585,5.6608,18588214400,5.6608
AAPL,2008-06,5.6563,5.6968,4.923,5.0217,19475794800,5.0217
AAPL,2008-07,5.0541,5.4257,4.3946,4.7671,19749760800,4.7671
AAPL,2008-08,4.6966,5.4119,4.5859,5.0844,13085755200,5.0844
AAPL,2008-09,5.1705,5.2034,3.0168,3.4088,24067562400,3.4088
AAPL,2008-10,3.3566,3.491,2.5492,3.2267,41426711200,3.2267
AAPL,2008-11,3.2987,3.3527,2.3735,2.7793,23619461600,2.7793
AAPL,2008-12,2.6812,3.1071,2.5357,2.5597,20213846800,2.5597
AAPL,2009-01,2.5282,2.9142,2.3453,2.7031,18105740800,2.7031
AAPL,2009-02,2.7568,3.0891,2.5945,2.6785,13867450800,2.6785
AAPL,2009-03,2.6671,3.2984,2.4692,3.1527,15424598000,3.1527
AAPL,2009-04,3.6343,3.8149,3.1158,3.7738,11821681200,3.7738
AAPL,2009-05,3.8461,4.0758,3.5803,4.0731,9457142800,4.0731
AAPL,2009-06,4.1685,4.3907,3.9852,4.2716,12675572000,4.2716
AAPL,2009-07,4.5967,4.9485,4.0314,4.9002,10942136800,4.9002
AAPL,2009-08,4.9548,5.1732,4.7812,5.0448,8165124800,5.0448
AAPL,2009-09,5.0382,5.6653,4.9218,5.5588,9989319200,5.5588
AAPL,2009-10,5.6305,6.2594,5.4194,5.6533,12956176800,5.6533
AAPL,2009-11,5.6338,6.2381,5.5654,5.9955,8454784800,5.9955
AAPL,2009-12,6.0654,6.4166,5.6587,6.32,11393958800,6.32
AAPL,2010-01,6.248,6.4658,5.7058,5.7601,15168994400,5.7601
AAPL,2010-02,6.1239,6.1533,5.7238,6.1368,10776080000,6.1368
AAPL,2010-03,6.2663,7.1223,6.1617,7.0479,12154172800,7.0479
AAPL,2010-04,8.0769,8.1714,6.9804,8.0568,12367129600,8.0568
AAPL,2010-05,7.8843,8.034,5.9757,7.7041,18082654800,7.7041
AAPL,2010-06,7.9338,8.3678,7.2638,7.5436,16651252800,7.5436
AAPL,2010-07,7.4942,7.9773,7.1859,7.7152,15669704400,7.7152
AAPL,2010-08,7.8828,7.926,7.0647,7.2908,9589120800,7.2908
AAPL,2010-09,7.4219,8.8393,7.3862,8.51,11849919200,8.51
AAPL,2010-10,8.5819,9.5671,8.3306,9.0267,12234577600,9.0267
AAPL,2010-11,9.0639,9.6361,8.9301,9.3317,9508086000,9.3317
AAPL,2010-12,9.649,9.7969,9.4439,9.6739,6973234800,9.6739
AAPL,2011-01,10.3736,10.4549,9.7423,10.1766,10841535600,10.1766
AAPL,2011-02,10.2359,10.9437,10.1286,10.5931,9295949600,10.5931
AAPL,2011-03,10.7125,10.8469,9.7849,10.4522,11306458800,10.4522
AAPL,2011-04,10.5302,10.6507,9.6019,10.5008,9253829200,10.5008
AAPL,2011-05,10.4891,10.5517,9.8796,10.4318,6912060400,10.4318
AAPL,2011-06,10.2923,10.5607,9.3122,10.0671,9263850400,10.0671
AAPL,2011-07,11.3366,12.1314,10.023,11.7109,10653946800,11.7109
AAPL,2011-08,11.9259,11.9814,10.5874,11.5415,16142599200,11.5415
AAPL,2011-09,11.5711,12.682,10.9911,11.4362,11977448000,11.4362
AAPL,2011-10,12.1458,12.7972,10.624,12.1398,13141427600,12.1398
AAPL,2011-11,11.9187,12.2363,10.8963,11.4626,8963701600,11.4626
AAPL,2011-12,12.1017,12.269,11.327,12.15,6306532400,12.15
AAPL,2012-01,12.7222,13.7431,12.2663,13.6903,6859854400,13.6903
AAPL,2012-02,13.7482,16.4234,13.6153,16.2683,11368554400,16.2683
AAPL,2012-03,16.3223,18.6379,15.482,17.9811,15584338000,17.9811
AAPL,2012-04,18.8134,19.3142,16.645,17.5142,15598990400,17.5142
AAPL,2012-05,17.5418,17.8974,15.6607,17.3267,11106345600,17.3267
AAPL,2012-06,17.0697,17.6947,16.4501,17.5148,7855825600,17.5148
AAPL,2012-07,18.3182,18.5906,17.0949,18.3173,8909650400,18.3173
AAPL,2012-08,18.4718,20.5077,18.0021,20.0369,8276206400,20.0369
AAPL,2012-09,20.0526,21.2366,19.7586,20.0929,9199005200,20.0929
AAPL,2012-10,19.1372,20.3836,17.7014,17.9309,12142830000,17.9309
AAPL,2012-11,18.0183,18.1622,15.3027,17.709,12929851200,17.709
AAPL,2012-12,15.44,17.9907,15.1659,17.7366,12132752800,17.7366
AAPL,2013-01,15.4406,16.7928,13.162,13.7819,13123423600,13.7819
AAPL,2013-02,13.8915,14.7585,13.3196,13.4334,9344034000,13.4334
AAPL,2013-03,13.33,14.3023,12.7517,13.4718,9176876800,13.4718
AAPL,2013-04,13.4487,13.5506,11.72,13.4754,10963489600,13.4754
AAPL,2013-05,13.5266,14.1841,12.8331,13.7776,9447530400,13.7776
AAPL,2013-06,13.8845,13.9215,11.9131,12.1478,7018536000,12.1478
AAPL,2013-07,13.2767,14.0107,12.2914,13.8633,6538114800,13.8633
AAPL,2013-08,13.962,15.8424,13.8857,15.0246,8058338400,15.0246
AAPL,2013-09,15.2059,15.663,13.7911,14.7018,8630941200,14.7018
AAPL,2013-10,14.7542,16.6291,14.7489,16.1187,7837732000,16.1187
AAPL,2013-11,16.1594,17.318,15.8927,17.2479,5225155600,17.2479
AAPL,2013-12,17.189,17.8394,16.7122,17.1998,7057397200,17.1998
AAPL,2014-01,17.1055,17.376,15.3087,15.5274,8765954400,15.5274
AAPL,2014-02,15.5897,17.1989,15.487,16.4203,5880366800,16.4203
AAPL,2014-03,16.5689,17.1305,16.3133,16.748,5001698800,16.748
AAPL,2014-04,16.924,18.7041,15.9551,18.4127,6435060800,18.4127
AAPL,2014-05,18.4723,20.2124,18.2093,19.8619,5735668400,19.8619
AAPL,2014-06,19.892,20.877,19.5324,20.4113,4827739200,20.4113
AAPL,2014-07,20.5629,21.8412,20.3323,20.9978,4140344000,20.9978
AAPL,2014-08,20.9451,22.7136,20.5901,22.6253,3748308000,22.6253
AAPL,2014-09,22.7489,22.899,21.2214,22.239,6105680000,22.239
AAPL,2014-10,22.2037,23.8482,21.0095,23.8393,5441120800,23.8393
AAPL,2014-11,24.1395,26.5476,23.7775,26.3658,3281632800,26.3658
AAPL,2014-12,24.5413,26.4367,23.557,24.4703,4294378400,24.4703
AAPL,2015-01,23.7277,26.603,23.1956,25.9734,5221053600,25.9734
AAPL,2015-02,26.1707,29.7349,25.734,28.5909,4546140800,28.5909
AAPL,2015-03,28.7022,28.996,27.0708,27.694,4554568400,27.694
AAPL,2015-04,27.7808,29.9441,27.3979,27.8542,3984542000,27.8542
AAPL,2015-05,28.8224,29.7183,27.4558,29.1171,3816608400,29.1171
AAPL,2015-06,29.202,29.3652,27.8208,29.0456,3514426800,29.0456
AAPL,2015-07,29.2713,29.7183,26.6452,27.1101,4233122400,27.1101
AAPL,2015-08,27.1548,27.3939,20.6547,25.3155,6427276400,25.3155
AAPL,2015-09,24.7295,26.2427,24.1032,24.7632,4826189200,24.7632
AAPL,2015-10,24.88,27.2149,24.0919,26.8287,4450048400,26.8287
AAPL,2015-11,27.1183,27.7986,25.0271,26.673,3002562400,26.673
AAPL,2015-12,24.4814,27.0247,23.6337,23.7329,3687660800,23.7329
AAPL,2016-01,21.1467,23.8659,20.8311,21.9471,5087392000,21.9471
AAPL,2016-02,21.751,22.4176,20.9894,21.9189,3243450400,21.9189
AAPL,2016-03,22.7849,25.0314,22.0844,24.7072,2984198400,24.7072
AAPL,2016-04,24.9883,25.478,20.9713,21.2501,3489534800,21.2501
AAPL,2016-05,21.3023,22.9738,20.4057,22.7753,3602686000,22.7753
AAPL,2016-06,22.5837,23.2383,20.8686,21.8037,3117990800,21.8037
AAPL,2016-07,22.5108,23.845,21.5232,23.7674,2743118400,23.7674
AAPL,2016-08,24.1871,25.2766,23.7195,24.3296,2520514000,24.3296
AAPL,2016-09,24.3388,26.641,23.511,25.9233,3872062400,25.9233
AAPL,2016-10,26.9047,27.2166,25.7467,26.0356,2747657200,26.0356
AAPL,2016-11,26.0173,26.0884,23.9889,25.4733,2886220000,25.4733
AAPL,2016-12,26.84,27.2019,24.95,26.6948,2435086800,26.6948
AAPL,2017-01,27.2756,28.2206,26.4505,27.9694,2252488000,27.9694
AAPL,2017-02,29.2786,31.8245,29.274,31.7111,2299874400,31.7111
AAPL,2017-03,32.1255,33.4495,31.725,33.2551,2246513600,33.2551
AAPL,2017-04,33.2667,33.6718,32.4218,33.2528,1493216400,33.2528
AAPL,2017-05,33.5884,36.4118,33.3963,35.5076,2615927200,35.5076
AAPL,2017-06,35.6029,36.256,33.053,33.476,2736712400,33.476
AAPL,2017-07,34.6801,35.7935,33.1018,34.5708,1688047600,34.5708
AAPL,2017-08,34.6568,38.3912,34.4965,38.2699,2644276000,38.2699
AAPL,2017-09,38.4566,38.4892,34.8069,35.9644,2721496400,35.9644
AAPL,2017-10,37.1708,39.5883,35.577,39.446,2017165200,39.446
AAPL,2017-11,39.6397,41.1261,38.5686,40.2459,2402653600,40.2459
AAPL,2017-12,39.9344,41.4988,38.9836,40.0655,2124735200,40.0655
AAPL,2018-01,41.6627,42.1779,38.5714,39.2107,2638717600,39.2107
AAPL,2018-02,39.1498,42.4722,35.3284,41.8843,3711577200,41.8843
AAPL,2018-03,40.6333,43.1494,38.7851,39.4529,2854910800,39.4529
AAPL,2018-04,39.1848,42.0772,37.7716,39.5964,2664617200,39.5964
AAPL,2018-05,39.1308,44.8643,38.8627,44.1113,2483905200,44.1113
AAPL,2018-06,44.3757,45.8416,42.6619,43.6959,2110498000,43.6959
AAPL,2018-07,45.2703,46.257,43.2969,44.9186,1574765600,44.9186
AAPL,2018-08,50.1596,54.215,46.5757,53.9213,2801275600,53.9213
AAPL,2018-09,54.1061,54.4045,51.0005,53.4736,2715888000,53.4736
AAPL,2018-10,51.3748,55.3047,48.8189,50.5268,3158994000,50.5268
AAPL,2018-11,51.8889,52.6729,40.4721,42.4499,3845305600,42.4499
AAPL,2018-12,43.8476,43.9617,34.8456,37.496,3595690000,37.496
AAPL,2019-01,36.6545,40.1726,33.7545,39.5641,3312349600,39.5641
AAPL,2019-02,39.6877,41.985,39.4429,41.3356,1890162400,41.3356
AAPL,2019-03,41.942,47.194,40.4643,45.3462,2603925600,45.3462
AAPL,2019-04,45.6184,49.7699,44.9714,47.9054,2024470800,47.9054
AAPL,2019-05,50.1041,51.4004,41.9358,41.9549,2957826400,41.9549
AAPL,2019-06,47.613,48.3056,40.8046,47.867,2060874800,47.867
AAPL,2019-07,48.8879,53.0506,47.5483,51.0543,1895406800,51.0543
AAPL,2019-08,50.5555,52.2502,46.1511,50.2788,2724326400,50.2788
AAPL,2019-09,49.6582,54.4669,49.1266,53.8776,2170268400,53.8776
AAPL,2019-10,53.6587,60.0791,51.7511,59.841,2433210800,59.841
AAPL,2019-11,60.0286,64.6629,59.9372,64.4819,1793326000,64.4819
AAPL,2019-12,62.3249,70.9289,61.8375,63.7364,2388794800,63.7364
AAPL,2020-01,75.243,79.1034,70.6345,74.6784,2934370400,74.6784
AAPL,2020-02,76.0778,79.1388,62.0036,66.1127,3019279200,66.1127
AAPL,2020-03,73.4432,73.523,51.4202,61.5005,6280072400,61.5005
AAPL,2020-04,69.5034,71.2327,57.2947,71.0561,3265299200,71.0561
AAPL,2020-05,69.9363,78.6304,69.1334,77.1026,2805936000,77.1026
AAPL,2020-06,77.784,90.3046,76.9255,88.4664,3243375600,88.4664
AAPL,2020-07,93.5275,103.2254,86.473,103.075,3020283200,103.075
AAPL,2020-08,104.9569,127.3026,104.6586,125.3979,4070061100,125.3979
AAPL,2020-09,129.0129,134.0856,100.1901,112.5413,3885245100,112.5413
AAPL,2020-10,109.7037,121.8509,104.6797,105.7875,2894666500,105.7875
AAPL,2020-11,106.5649,118.7515,104.291,115.8895,2123077300,115.8895
AAPL,2020-12,117.7975,135.1054,116.824,129.1674,2322189600,129.1674
AAPL,2021-01,124.3877,141.2382,123.0249,128.4567,2240262000,128.4567
AAPL,2021-02,130.1993,134.4202,115.4192,118.2172,1833855600,118.2172
AAPL,2021-03,121.6781,125.49,113.2939,119.0849,2650418200,119.0849
AAPL,2021-04,130.4621,133.6305,119.4164,128.1613,1889857500,128.1613
AAPL,2021-05,127.898,130.7058,119.3848,121.6895,1711934900,121.6895
AAPL,2021-06,132.9785,134.1895,120.2442,133.1348,1606590000,133.1348
AAPL,2021-07,140.3809,146.4844,132.5782,142.4415,1919035100,142.4415
AAPL,2021-08,149.3054,150.1172,141.3248,149.7554,1461542800,149.7554
AAPL,2021-09,149.4717,153.8044,138.1658,138.3907,1797835100,138.3907
AAPL,2021-10,138.7819,149.8042,135.2317,146.5083,1565079200,146.5083
AAPL,2021-11,145.7161,162.2954,144.4498,161.9037,1691029000,161.9037
AAPL,2021-12,155.4784,178.3878,154.5578,173.9216,2444766700,173.9216
AAPL,2022-01,172.1683,179.1812,151.5215,171.1889,2108446000,171.1889
AAPL,2022-02,170.4347,173.2409,149.0666,161.9334,1627516300,161.9334
AAPL,2022-03,165.2188,176.1438,147.2033,171.2403,2180800100,171.2403
AAPL,2022-04,160.7566,175.0454,152.3814,154.6076,1687795600,154.6076
AAPL,2022-05,153.6857,163.2672,130.2418,146.182,2401040300,146.182
AAPL,2022-06,147.2231,149.0303,126.7356,134.2785,1749099800,134.2785
AAPL,2022-07,145.2785,160.708,133.2374,159.6079,1447125400,159.6079
AAPL,2022-08,158.1347,173.2447,154.5482,154.6269,1510239600,154.6269
AAPL,2022-09,154.0564,161.5508,135.7239,135.9206,2084722800,135.9206
AAPL,2022-10,140.189,154.9023,132.1538,143.0313,1868139700,143.0313
AAPL,2022-11,152.5222,152.8861,132.3829,145.83,1724847700,145.83
AAPL,2022-12,146.0073,148.677,123.9993,127.999,1675731200,127.999
AAPL,2023-01,132.8262,145.0419,122.3246,142.1456,1443652500,142.1456
AAPL,2023-02,151.0648,155.041,139.2197,145.4409,1307198900,145.4409
AAPL,2023-03,146.0625,162.796,141.9778,162.6973,1520266600,162.6973
AAPL,2023-04,162.0757,167.5811,157.6457,167.4134,969776400,167.4134
AAPL,2023-05,167.0188,177.199,162.1152,175.1242,1275364700,175.1242
AAPL,2023-06,175.5688,192.1476,174.808,191.6437,1297383300,191.6437
AAPL,2023-07,190.7841,195.8526,184.3621,194.094,996114000,194.094
AAPL,2023-08,192.7008,194.3706,170.1271,185.8675,1322657800,185.8675
AAPL,2023-09,187.4702,187.955,165.8333,169.3851,1337823000,169.3851
AAPL,2023-10,169.395,180.3964,163.9041,168.9498,1172816900,168.9498
AAPL,2023-11,169.1773,191.125,168.3067,188.1729,1099651600,188.1729
AAPL,2023-12,193.2648,197.7524,185.6963,190.7288,1063181200,190.7288
AAPL,2024-01,192.4525,194.5428,178.4844,182.6748,1187490800,182.6748
AAPL,2024-02,182.2687,189.2626,177.573,179.2875,1161553500,179.2875
AAPL,2024-03,178.0972,179.0692,167.1267,170.0925,1433151800,170.0925
AAPL,2024-04,169.8048,176.9168,162.7524,168.9518,1246144100,168.9518
AAPL,2024-05,168.2078,191.698,167.7416,190.9531,1336511300,190.9531
AAPL,2024-06,194.3699,218.7145,190.8537,209.1991,1717952100,209.1991
AAPL,2024-07,228.7265,235.6296,210.4904,220.5818,1153099800,220.5818
AAPL,2024-08,222.8564,231.6165,194.6778,227.7184,1122667000,227.7184
AAPL,2024-09,227.2709,231.7855,212.7228,231.696,1232097700,231.696
AAPL,2024-10,232.3026,236.1609,220.0913,224.6457,930736000,224.6457
AAPL,2024-11,219.7333,236.7393,218.4804,236.2615,891588300,236.2615
AAPL,2024-12,251.3034,258.9289,236.0922,251.0645,977916100,251.0645
AAPL,2025-01,237.5954,247.9785,218.3923,234.9374,1200176400,234.9374
AAPL,2025-02,228.9545,249.148,224.6838,241.0158,862272300,241.0158
AAPL,2025-03,234.6177,243.1984,207.7097,221.373,1115239500,221.373
AAPL,2025-04,220.5658,224.4226,168.6334,211.7758,1607318600,211.7758
AAPL,2025-05,208.3675,213.8288,192.5914,200.428,1195728200,200.428
AAPL,2025-06,199.8592,206.9543,194.6602,204.7389,1100409300,204.7389
AAPL,2025-07,208.052,215.7757,205.7069,208.6108,1079935600,208.6108
AAPL,2025-08,233.8333,234.8923,201.0767,231.9152,1218079100,231.9152
AAPL,2025-09,229.028,257.3505,225.7312,254.3834,1265536400,254.3834
AAPL,2025-10,269.0192,277.0514,243.7637,270.1082,1097142200,270.1082
AAPL,2025-11,268.0701,280.38,265.32,278.85,877578200,278.85
AAPL,2025-12,274.16,288.62,266.95,286.19,851313900,286.19
AMZN,2000-01,4.075,4.575,2.9219,3.2281,5244180000,3.2281
AMZN,2000-02,3.375,4.2969,3.1531,3.4437,4149154000,3.4437
AMZN,2000-03,3.1437,3.7625,3.0,3.35,3131692000,3.35
AMZN,2000-04,3.2719,3.4313,2.0406,2.7594,3240250000,2.7594
AMZN,2000-05,2.8563,3.1188,2.0219,2.4156,2613772000,2.4156
AMZN,2000-06,2.6188,2.9063,1.6234,1.8156,4062818000,1.8156
AMZN,2000-07,1.8344,2.1969,1.3937,1.5063,3970492000,1.5063
AMZN,2000-08,1.5313,2.1984,1.4656,2.075,2889294000,2.075
AMZN,2000-09,2.3625,2.4813,1.775,1.9219,2674794000,1.9219
AMZN,2000-10,1.6719,1.9219,0.9688,1.8312,4934670000,1.8312
AMZN,2000-11,1.4312,2.0438,1.1063,1.2344,3186778000,1.2344
AMZN,2000-12,1.2469,1.3813,0.7437,0.7781,4042258000,0.7781
AMZN,2001-01,0.7906,1.1187,0.6781,0.8656,4209736000,0.8656
AMZN,2001-02,0.675,0.8594,0.4969,0.5094,3347482000,0.5094
AMZN,2001-03,0.6187,0.7,0.4781,0.5115,3352718000,0.5115
AMZN,2001-04,0.5165,0.908,0.405,0.789,3795608000,0.789
AMZN,2001-05,0.6725,0.88,0.655,0.8345,2893734000,0.8345
AMZN,2001-06,0.861,0.896,0.56,0.7075,2733918000,0.7075
AMZN,2001-07,0.705,0.871,0.5535,0.6245,3441574000,0.6245
AMZN,2001-08,0.609,0.643,0.4275,0.447,2013746000,0.447
AMZN,2001-09,0.392,0.4595,0.2835,0.2985,2536868000,0.2985
AMZN,2001-10,0.3545,0.4995,0.2755,0.349,3397656000,0.349
AMZN,2001-11,0.4675,0.62,0.33,0.566,6219306000,0.566
AMZN,2001-12,0.555,0.64,0.4755,0.541,4249110000,0.541
AMZN,2002-01,0.5465,0.7885,0.4515,0.7095,6454784000,0.7095
AMZN,2002-02,0.7035,0.7375,0.553,0.705,3279778000,0.705
AMZN,2002-03,0.8125,0.848,0.6775,0.715,3296356000,0.715
AMZN,2002-04,0.714,0.8525,0.626,0.8345,3179172000,0.8345
AMZN,2002-05,0.9755,1.02,0.7875,0.9115,3096810000,0.9115
AMZN,2002-06,0.899,0.958,0.734,0.8125,2852356000,0.8125
AMZN,2002-07,0.68,0.858,0.613,0.7225,3531844000,0.7225
AMZN,2002-08,0.7155,0.7995,0.639,0.747,2306832000,0.747
AMZN,2002-09,0.729,0.8965,0.712,0.7965,2920540000,0.7965
AMZN,2002-10,0.992,1.013,0.8005,0.968,4070772000,0.968
AMZN,2002-11,1.0495,1.225,0.91,1.1675,4126726000,1.1675
AMZN,2002-12,0.9625,1.25,0.9215,0.9625,3112212000,0.9625
AMZN,2003-01,0.9595,1.164,0.9275,1.0925,3383944000,1.0925
AMZN,2003-02,1.097,1.125,0.9805,1.1005,2318838000,1.1005
AMZN,2003-03,1.104,1.402,1.068,1.3015,3281872000,1.3015
AMZN,2003-04,1.3255,1.4595,1.2065,1.341,4392886000,1.341
AMZN,2003-05,1.6255,1.8045,1.4075,1.7945,3816676000,1.7945
AMZN,2003-06,1.825,1.862,1.6415,1.816,3429416000,1.816
AMZN,2003-07,1.8165,2.155,1.7,2.082,4584790000,2.082
AMZN,2003-08,2.0705,2.3475,1.914,2.316,3014378000,2.316
AMZN,2003-09,2.31,2.565,2.2365,2.4215,4056728000,2.4215
AMZN,2003-10,2.4185,3.0575,2.3755,2.7215,5764506000,2.7215
AMZN,2003-11,2.702,2.8745,2.3835,2.6985,3639580000,2.6985
AMZN,2003-12,2.659,2.747,2.35,2.631,3873504000,2.631
AMZN,2004-01,2.638,2.891,2.43,2.52,4358694000,2.52
AMZN,2004-02,2.5325,2.5325,2.1115,2.1505,3714954000,2.1505
AMZN,2004-03,2.156,2.253,1.9575,2.164,3095410000,2.164
AMZN,2004-04,2.1725,2.455,2.165,2.18,3252732000,2.18
AMZN,2004-05,2.185,2.434,2.0275,2.425,3003930000,2.425
AMZN,2004-06,2.3935,2.735,2.385,2.72,3225024000,2.72
AMZN,2004-07,2.69,2.702,1.869,1.946,4048740000,1.946
AMZN,2004-08,1.9225,2.0415,1.7425,1.907,3600448000,1.907
AMZN,2004-09,1.902,2.214,1.868,2.043,3523538000,2.043
AMZN,2004-10,1.718,2.135,1.65,1.7225,4171368000,1.7225
AMZN,2004-11,2.023,2.075,1.7075,1.984,3369498000,1.984
AMZN,2004-12,2.25,2.284,1.8995,2.2145,3520296000,2.2145
AMZN,2005-01,2.2475,2.272,2.013,2.161,3898704000,2.161
AMZN,2005-02,2.15,2.177,1.66,1.759,4373102000,1.759
AMZN,2005-03,1.775,1.8215,1.641,1.7135,2391332000,1.7135
AMZN,2005-04,1.7315,1.767,1.53,1.618,3249826000,1.618
AMZN,2005-05,1.7015,1.802,1.605,1.7755,2338956000,1.7755
AMZN,2005-06,1.7785,1.8495,1.6465,1.6545,2124672000,1.6545
AMZN,2005-07,1.662,2.2905,1.6395,2.2575,3652022000,2.2575
AMZN,2005-08,2.245,2.3485,2.0955,2.135,2295022000,2.135
AMZN,2005-09,2.1,2.292,2.025,2.265,2094008000,2.265
AMZN,2005-10,2.2665,2.35,1.936,1.993,2939602000,1.993
AMZN,2005-11,2.273,2.4715,1.9825,2.423,4329106000,2.423
AMZN,2005-12,2.444,2.5,2.357,2.3575,2423356000,2.3575
AMZN,2006-01,2.3735,2.429,2.155,2.241,2468206000,2.241
AMZN,2006-02,1.885,2.2345,1.8525,2.137,3310894000,2.137
AMZN,2006-03,1.812,1.8915,1.757,1.8265,2443562000,1.8265
AMZN,2006-04,1.807,1.942,1.7505,1.7605,2135172000,1.7605
AMZN,2006-05,1.642,1.825,1.576,1.7305,2937920000,1.7305
AMZN,2006-06,1.7505,1.942,1.621,1.934,2302348000,1.934
AMZN,2006-07,1.926,1.931,1.298,1.3445,4573268000,1.3445
AMZN,2006-08,1.5375,1.5495,1.288,1.5335,3183736000,1.5335
AMZN,2006-09,1.588,1.6405,1.484,1.606,2920374000,1.606
AMZN,2006-10,1.545,1.9295,1.529,1.9045,4189700000,1.9045
AMZN,2006-11,2.0055,2.1625,1.8435,2.017,2936048000,2.017
AMZN,2006-12,2.013,2.032,1.885,1.973,2420814000,1.973
AMZN,2007-01,1.934,1.957,1.815,1.8835,2608706000,1.8835
AMZN,2007-02,1.8975,2.1,1.834,1.957,3159508000,1.957
AMZN,2007-03,1.8575,2.012,1.852,1.9895,2843062000,1.9895
AMZN,2007-04,2.2305,3.192,1.9775,3.0665,6925740000,3.0665
AMZN,2007-05,3.051,3.6655,2.985,3.457,6604848000,3.457
AMZN,2007-06,3.445,3.736,3.3355,3.4205,4775774000,3.4205
AMZN,2007-07,3.4405,4.45,3.4005,3.927,5296556000,3.927
AMZN,2007-08,3.905,4.04,3.5025,3.9955,3510280000,3.9955
AMZN,2007-09,4.225,4.713,3.9865,4.6575,2445464000,4.6575
AMZN,2007-10,4.693,5.0545,4.1635,4.4575,4639770000,4.4575
AMZN,2007-11,3.9715,4.5735,3.825,4.528,3603930000,4.528
AMZN,2007-12,4.5015,4.797,4.193,4.632,2541244000,4.632
AMZN,2008-01,4.7675,4.8715,3.442,3.885,5766708000,3.885
AMZN,2008-02,3.951,3.97,3.1985,3.2235,4224356000,3.2235
AMZN,2008-03,3.11,3.8465,3.06,3.565,3853712000,3.565
AMZN,2008-04,3.854,4.132,3.5325,3.9315,3956988000,3.9315
AMZN,2008-05,3.821,4.2375,3.578,4.081,3051464000,4.081
AMZN,2008-06,4.0575,4.244,3.631,3.6665,3058114000,3.6665
AMZN,2008-07,3.612,4.119,3.1495,3.817,4316266000,3.817
AMZN,2008-08,3.7995,4.5875,3.7025,4.0405,2980888000,4.0405
AMZN,2008-09,4.03,4.3385,3.066,3.638,3849268000,3.638
AMZN,2008-10,3.589,3.5995,2.1655,2.862,6641494000,2.862
AMZN,2008-11,2.07,2.9365,1.734,2.135,4561030000,2.135
AMZN,2008-12,2.008,2.7425,1.941,2.564,4123886000,2.564
AMZN,2009-01,2.5675,2.987,2.3815,2.941,4081446000,2.941
AMZN,2009-02,3.0435,3.368,2.9065,3.2395,3735604000,3.2395
AMZN,2009-03,3.14,3.7805,2.991,3.672,4553446000,3.672
AMZN,2009-04,3.839,4.334,3.5855,4.026,3700640000,4.026
AMZN,2009-05,3.727,4.18,3.655,3.8995,2752068000,3.8995
AMZN,2009-06,4.121,4.428,3.8125,4.183,3041708000,4.183
AMZN,2009-07,4.221,4.72,3.7705,4.288,3509228000,4.288
AMZN,2009-08,4.328,4.41,4.0125,4.0595,2252458000,4.0595
AMZN,2009-09,3.952,4.725,3.8755,4.668,2562436000,4.668
AMZN,2009-10,4.4665,6.284,4.4135,5.9405,5372328000,5.9405
AMZN,2009-11,6.558,6.804,5.8125,6.7955,3206102000,6.7955
AMZN,2009-12,6.847,7.2955,6.2825,6.726,4149422000,6.726
AMZN,2010-01,6.8125,6.8305,5.906,6.2705,4617220000,6.2705
AMZN,2010-02,5.8535,6.243,5.691,5.92,4202916000,5.92
AMZN,2010-03,6.4565,6.9095,5.8765,6.7885,3160852000,6.7885
AMZN,2010-04,7.07,7.5545,6.539,7.0865,3460502000,7.0865
AMZN,2010-05,6.518,6.972,5.876,6.273,2818198000,6.273
AMZN,2010-06,6.201,6.4575,5.3005,5.463,2667570000,5.463
AMZN,2010-07,5.445,6.244,5.29,5.8945,3506524000,5.8945
AMZN,2010-08,6.153,6.5405,5.8785,6.2415,2268396000,6.2415
AMZN,2010-09,6.6085,8.089,6.3085,7.853,2686420000,7.853
AMZN,2010-10,7.854,8.5995,7.57,8.2615,2857670000,8.2615
AMZN,2010-11,8.258,9.092,7.8385,8.77,2620228000,8.77
AMZN,2010-12,8.714,9.2825,8.6545,9.0,1873234000,9.0
AMZN,2011-01,9.0685,9.58,8.345,8.482,2272226000,8.482
AMZN,2011-02,8.526,9.57,8.4755,8.6645,1915528000,8.6645
AMZN,2011-03,8.6855,9.0785,8.0295,9.0065,2379582000,9.0065
AMZN,2011-04,9.079,9.89,8.7685,9.7905,2334988000,9.7905
AMZN,2011-05,10.027,10.3195,9.544,9.8345,2125490000,9.8345
AMZN,2011-06,9.5615,10.3125,9.0795,10.2245,1911274000,10.2245
AMZN,2011-07,10.2775,11.36,10.1805,11.126,1856170000,11.126
AMZN,2011-08,11.016,11.3725,8.855,10.7615,3103894000,10.7615
AMZN,2011-09,10.447,12.2,10.2235,10.8115,2872466000,10.8115
AMZN,2011-10,11.85,12.3355,9.8255,10.6755,3184288000,10.6755
AMZN,2011-11,10.9,11.1175,9.0755,9.6145,2731762000,9.6145
AMZN,2011-12,8.668,9.983,8.3485,8.693,2511904000,8.693
AMZN,2012-01,8.7945,9.825,8.675,9.722,2210738000,9.722
AMZN,2012-02,8.6905,9.6785,8.6,8.9845,2931608000,8.9845
AMZN,2012-03,8.934,10.4925,8.829,10.1255,2259502000,10.1255
AMZN,2012-04,9.912,11.692,9.1825,11.595,2210708000,11.595
AMZN,2012-05,11.25,11.6485,10.3555,10.6455,1855486000,10.6455
AMZN,2012-06,10.422,11.4175,10.3185,11.4175,1314912000,11.4175
AMZN,2012-07,11.465,12.037,10.6305,11.665,1546804000,11.665
AMZN,2012-08,11.707,12.5,11.433,12.4135,1203848000,12.4135
AMZN,2012-09,12.4115,13.2055,12.233,12.716,1271410000,12.716
AMZN,2012-10,12.2435,13.095,11.146,11.6445,1631370000,11.6445
AMZN,2012-11,11.0655,12.6325,10.909,12.6025,1344272000,12.6025
AMZN,2012-12,12.2925,13.1555,12.1375,12.5165,1217424000,12.5165
AMZN,2013-01,12.804,14.236,12.663,13.275,1684528000,13.275
AMZN,2013-02,13.4465,13.715,12.7555,13.2135,1373234000,13.2135
AMZN,2013-03,13.788,13.87,12.6035,13.3245,1170114000,13.3245
AMZN,2013-04,13.349,13.79,12.428,12.6905,1538324000,12.6905
AMZN,2013-05,13.298,13.5955,12.2875,13.46,1181010000,13.46
AMZN,2013-06,13.35,14.167,13.1475,13.8845,1171516000,13.8845
AMZN,2013-07,14.052,15.681,13.858,15.061,1350738000,15.061
AMZN,2013-08,15.154,15.3105,13.9665,14.049,875478000,14.049
AMZN,2013-09,14.6815,16.0285,14.2085,15.632,869376000,15.632
AMZN,2013-10,15.711,18.42,14.825,18.2015,1545908000,18.2015
AMZN,2013-11,17.8695,19.705,17.094,19.681,1084154000,19.681
AMZN,2013-12,19.729,20.2815,18.975,19.6685,1113734000,19.6685
AMZN,2014-01,19.94,20.403,17.888,17.9345,1620238000,17.9345
AMZN,2014-02,17.949,18.2935,16.8865,18.105,1660180000,18.105
AMZN,2014-03,18.6345,19.1555,16.544,16.8185,1505070000,16.8185
AMZN,2014-04,17.2995,17.415,14.4,15.2065,2765574000,15.2065
AMZN,2014-05,14.64,15.7435,14.219,15.6275,1571584000,15.6275
AMZN,2014-06,15.6295,17.036,15.192,16.239,1531602000,16.239
AMZN,2014-07,16.293,18.2425,15.593,15.6495,1988520000,15.6495
AMZN,2014-08,15.665,17.3335,15.2295,16.952,1240634000,16.952
AMZN,2014-09,17.1845,17.469,15.882,16.122,1360656000,16.122
AMZN,2014-10,16.102,16.258,14.2,15.273,2221174000,15.273
AMZN,2014-11,15.6,17.063,14.6145,16.932,1379674000,16.932
AMZN,2014-12,15.4435,17.032,14.6515,15.5175,1736428000,15.5175
AMZN,2015-01,15.629,17.975,14.2625,17.7265,2061142000,17.7265
AMZN,2015-02,17.5025,19.4685,17.5005,19.008,1416924000,19.008
AMZN,2015-03,19.2855,19.421,18.2825,18.605,1110056000,18.605
AMZN,2015-04,18.605,22.6325,18.417,21.089,1688096000,21.089
AMZN,2015-05,21.4,21.95,20.7275,21.4615,1039660000,21.4615
AMZN,2015-06,21.72,22.352,20.957,21.5495,1099750000,21.5495
AMZN,2015-07,21.9675,29.0285,21.2785,26.8075,2041400000,26.8075
AMZN,2015-08,26.8725,27.137,22.55,25.6445,1657264000,25.6445
AMZN,2015-09,25.2545,27.489,24.525,25.5945,1535378000,25.5945
AMZN,2015-10,27.313,31.536,25.3,31.295,1942522000,31.295
AMZN,2015-11,33.1785,34.1385,31.0205,33.24,1746098000,33.24
AMZN,2015-12,34.5945,34.822,31.7635,33.7945,1803750000,33.7945
AMZN,2016-01,32.8145,32.886,27.359,29.35,2604018000,29.35
AMZN,2016-02,28.9075,29.09,23.7,27.626,2482896000,27.626
AMZN,2016-03,29.0535,30.162,26.929,29.682,1880190000,29.682
AMZN,2016-04,29.376,33.499,29.2625,32.9795,1569284000,32.9795
AMZN,2016-05,35.5065,36.2115,32.8,36.1395,1812290000,36.1395
AMZN,2016-06,36.045,36.575,34.106,35.781,1490818000,35.781
AMZN,2016-07,35.866,38.3,35.827,37.9405,1372710000,37.9405
AMZN,2016-08,38.1905,38.749,37.5175,38.458,1000008000,38.458
AMZN,2016-09,38.7055,41.9975,37.8,41.8655,1346714000,41.8655
AMZN,2016-10,41.075,42.3605,38.7305,39.491,1541276000,39.491
AMZN,2016-11,36.5,40.042,35.505,37.5285,2201718000,37.5285
AMZN,2016-12,38.62,39.123,36.835,37.4935,1473204000,37.4935
AMZN,2017-01,37.896,42.192,37.385,41.174,1412280000,41.174
AMZN,2017-02,41.4605,43.043,40.15,42.252,1434966000,42.252
AMZN,2017-03,42.36,44.5175,41.675,44.327,1214214000,44.327
AMZN,2017-04,44.4,47.4795,44.2245,46.2495,1470794000,46.2495
AMZN,2017-05,48.05,50.06,46.39,49.731,1524040000,49.731
AMZN,2017-06,49.9295,50.85,46.35,48.4,1922708000,48.4
AMZN,2017-07,48.6395,54.1655,47.55,49.389,1576248000,49.389
AMZN,2017-08,49.8055,50.32,46.8165,49.03,1547836000,49.03
AMZN,2017-09,48.416,50.0,46.5875,48.0675,1185836000,48.0675
AMZN,2017-10,52.907,56.1395,47.5185,55.264,1666682000,55.264
AMZN,2017-11,56.3505,60.6705,54.3435,58.8375,1543300000,58.8375
AMZN,2017-12,59.1175,59.739,56.237,59.305,1155204000,59.305
AMZN,2018-01,58.6,73.629,58.5255,72.5445,1927424000,72.5445
AMZN,2018-02,72.25,76.435,63.2965,75.6225,2755680000,75.6225
AMZN,2018-03,76.326,80.877,68.26,72.367,2608002000,72.367
AMZN,2018-04,70.881,81.905,67.644,69.6025,2598392000,69.6025
AMZN,2018-05,78.875,81.75,77.301,81.481,1432310000,81.481
AMZN,2018-06,81.8515,88.155,81.7545,84.99,1718826000,84.99
AMZN,2018-07,84.135,94.0025,83.903,88.872,1950422000,88.872
AMZN,2018-08,95.197,101.2785,88.801,100.6355,1931516000,100.6355
AMZN,2018-09,100.3255,102.525,93.25,100.15,1888910000,100.15
AMZN,2018-10,78.4995,101.6595,73.818,76.521,3664416000,76.521
AMZN,2018-11,82.816,89.2,71.0,84.5085,2785800000,84.5085
AMZN,2018-12,88.473,88.917,65.35,75.0985,3096254000,75.0985
AMZN,2019-01,76.0005,86.8205,73.0465,85.9365,2680034000,85.9365
AMZN,2019-02,81.944,83.653,78.338,81.9915,1618738000,81.9915
AMZN,2019-03,85.1475,91.1875,79.3285,89.0375,2016644000,89.0375
AMZN,2019-04,90.551,97.817,89.9365,96.326,1624784000,96.326
AMZN,2019-05,94.297,98.22,88.635,88.7535,1964288000,88.7535
AMZN,2019-06,95.455,96.76,83.6,95.214,1494930000,95.214
AMZN,2019-07,95.969,101.79,92.472,93.339,1462976000,93.339
AMZN,2019-08,89.8745,94.896,87.1755,89.32,1595424000,89.32
AMZN,2019-09,91.0975,92.683,85.461,86.7955,1223458000,86.7955
AMZN,2019-10,86.387,89.9425,84.253,88.833,1407210000,88.833
AMZN,2019-11,87.5715,91.2345,86.1355,90.04,1041524000,90.04
AMZN,2019-12,88.0,95.07,86.75,89.08,1362992000,89.08
AMZN,2020-01,93.75,102.786,90.767,100.436,1693966000,100.436
AMZN,2020-02,101.494,109.2975,90.5565,94.1875,1850202000,94.1875
AMZN,2020-03,96.65,99.8165,81.3015,97.486,3276182000,97.486
AMZN,2020-04,117.3,123.75,94.4575,123.7,2492196000,123.7
AMZN,2020-05,118.426,126.2725,112.819,122.1185,1651688000,122.1185
AMZN,2020-06,123.35,139.8,121.8565,137.941,1756366000,137.941
AMZN,2020-07,137.8995,167.2145,137.7,158.234,2550040000,158.234
AMZN,2020-08,159.0255,174.75,153.65,172.548,1670332000,172.548
AMZN,2020-09,177.35,177.6125,143.55,157.4365,2317986000,157.4365
AMZN,2020-10,157.6815,174.812,150.95,151.8075,2324522000,151.8075
AMZN,2020-11,156.1,168.34,147.506,158.402,1816210000,158.402
AMZN,2020-12,159.425,167.5325,153.641,162.8465,1551124000,162.8465
AMZN,2021-01,163.5,168.1945,154.3,160.31,1430578000,160.31
AMZN,2021-02,162.118,171.7,151.835,154.6465,1442140000,154.6465
AMZN,2021-03,154.059,159.1,144.05,154.704,1563760000,154.704
AMZN,2021-04,168.55,177.7,155.7775,173.371,1536792000,173.371
AMZN,2021-05,159.278,174.3325,156.3685,161.1535,1503678000,161.1535
AMZN,2021-06,172.053,176.243,158.61,172.407,1340220000,172.407
AMZN,2021-07,171.7305,188.654,165.349,166.3795,1674586000,166.3795
AMZN,2021-08,171.24,173.629,158.788,171.0785,1256964000,171.0785
AMZN,2021-09,174.738,177.4995,163.6995,164.252,1250554000,164.252
AMZN,2021-10,164.4505,173.95,158.8125,168.6215,1273466000,168.6215
AMZN,2021-11,176.85,188.1075,164.1775,175.3535,1515990000,175.3535
AMZN,2021-12,173.0,177.994,165.195,166.717,1287634000,166.717
AMZN,2022-01,167.55,171.4,135.352,149.5735,1524654000,149.5735
AMZN,2022-02,150.0,163.8345,138.333,153.563,1689604000,153.563
AMZN,2022-03,139.5,170.8315,133.5725,162.9975,1628486000,162.9975
AMZN,2022-04,151.5235,168.3945,121.625,124.2815,1465008000,124.2815
AMZN,2022-05,109.069,126.2205,101.26,120.2095,2258476000,120.2095
AMZN,2022-06,122.256,128.99,101.43,106.21,1767601100,106.21
AMZN,2022-07,106.29,137.65,105.85,134.95,1337852600,134.95
AMZN,2022-08,134.96,146.57,126.74,126.77,1170449000,126.77
AMZN,2022-09,129.5,136.49,112.06,113.0,1210487600,113.0
AMZN,2022-10,118.0,123.0,97.66,120.3,1459311500,120.3
AMZN,2022-11,103.21,104.58,85.87,96.54,2035133200,96.54
AMZN,2022-12,96.99,97.23,81.69,84.0,1549193300,84.0
AMZN,2023-01,85.46,103.49,81.43,103.13,1523798600,103.13
AMZN,2023-02,99.09,114.0,92.32,94.23,1364102000,94.23
AMZN,2023-03,92.74,103.49,88.12,103.29,1349240300,103.29
AMZN,2023-04,102.3,110.86,97.71,105.45,1224234500,105.45
AMZN,2023-05,111.15,122.92,101.15,120.58,1433039100,120.58
AMZN,2023-06,120.69,131.49,119.93,130.36,1242936000,130.36
AMZN,2023-07,130.82,136.65,125.92,133.68,1058873500,133.68
AMZN,2023-08,130.15,143.63,126.41,138.01,1210688300,138.01
AMZN,2023-09,136.32,145.86,123.04,127.12,1120505300,127.12
AMZN,2023-10,127.28,134.48,118.35,133.09,1224668600,133.09
AMZN,2023-11,147.06,149.26,133.71,146.09,1026039500,146.09
AMZN,2023-12,148.12,155.63,142.81,151.94,931322200,151.94
AMZN,2024-01,151.54,161.73,144.05,155.2,954015000,155.2
AMZN,2024-02,155.87,177.22,155.62,176.76,1045002200,176.76
AMZN,2024-03,174.83,181.7,171.47,180.38,702056800,180.38
AMZN,2024-04,180.79,189.77,166.32,175.0,917138300,175.0
AMZN,2024-05,185.97,191.7,173.87,176.44,892274700,176.44
AMZN,2024-06,181.75,199.84,175.92,193.25,810555700,193.25
AMZN,2024-07,197.28,201.2,176.8,186.98,868061100,186.98
AMZN,2024-08,189.29,190.6,151.61,178.5,971023900,178.5
AMZN,2024-09,175.0,195.37,171.16,186.33,764950500,186.33
AMZN,2024-10,187.63,195.61,180.25,186.4,733878800,186.4
AMZN,2024-11,214.16,215.9,194.31,207.89,905835300,207.89
AMZN,2024-12,222.97,233.0,209.51,221.3,760891000,221.3
AMZN,2025-01,222.03,241.77,216.2,237.68,652577000,237.68
AMZN,2025-02,234.06,242.52,204.16,212.28,783613700,212.28
AMZN,2025-03,204.8,214.01,184.4,190.26,966721800,190.26
AMZN,2025-04,187.66,198.34,161.38,184.42,1313093300,184.42
AMZN,2025-05,206.45,214.84,183.85,205.01,937262700,205.01
AMZN,2025-06,204.98,223.82,202.68,219.39,870687900,219.39
AMZN,2025-07,219.73,236.53,217.93,234.11,856016400,234.11
AMZN,2025-08,227.4,234.08,211.42,229.0,877658700,229.0
AMZN,2025-09,231.19,238.85,216.47,219.57,965100000,219.57
AMZN,2025-10,231.67,250.5,211.03,244.22,1196876800,244.22
AMZN,2025-11,223.74,258.6,215.18,233.22,902272800,233.22
AMZN,2025-12,232.04,238.97,220.99,234.42,721821800,234.42
GOOGL,2004-08,2.6067,2.8185,2.3834,2.5426,2672137188,2.5426
GOOGL,2004-09,2.5235,3.3535,2.4574,3.2189,4249913832,3.2189
GOOGL,2004-10,3.5597,4.9662,3.2015,4.735,10272433284,4.735
GOOGL,2004-11,4.8073,5.0072,4.0065,4.5199,11092660236,4.5199
GOOGL,2004-12,4.5192,4.9645,4.1844,4.7884,5807878308,4.7884
GOOGL,2005-01,5.0022,5.0991,4.3786,4.8587,8198389404,4.8587
GOOGL,2005-02,5.3537,5.3847,4.4956,4.6692,13011367608,4.6692
GOOGL,2005-03,4.7015,4.7154,4.2862,4.4834,6871082040,4.4834
GOOGL,2005-04,4.7025,5.5819,4.4668,5.4642,9058576356,5.4642
GOOGL,2005-05,5.6438,6.9147,5.4694,6.8867,10140601248,6.8867
GOOGL,2005-06,7.0339,7.681,6.6423,7.3059,15544507932,7.3059
GOOGL,2005-07,7.328,7.8933,7.1281,7.1472,8189766036,7.1472
GOOGL,2005-08,7.1561,7.4443,6.7893,7.1035,5713157124,7.1035
GOOGL,2005-09,7.1162,7.9716,7.0786,7.86,6799321872,7.86
GOOGL,2005-10,7.4487,9.3078,7.2197,9.243,7710781500,9.243
GOOGL,2005-11,9.236,10.7109,9.1652,10.0569,8458177356,10.0569
GOOGL,2005-12,10.1634,11.0827,9.9104,10.304,7943316732,10.304
GOOGL,2006-01,11.3474,11.8005,9.8043,10.7461,11949642396,10.7461
GOOGL,2006-02,10.0298,10.0964,8.3908,9.0065,11889099000,9.0065
GOOGL,2006-03,9.1541,9.9101,8.2348,9.6866,12258289440,9.6866
GOOGL,2006-04,10.2472,11.1947,9.6352,10.3805,7405167420,10.3805
GOOGL,2006-05,9.9618,10.4178,8.9556,9.235,7030554408,9.235
GOOGL,2006-06,9.2777,10.4151,9.2296,10.4151,5689528776,10.4151
GOOGL,2006-07,10.4327,10.6277,9.3808,9.6021,5095775124,9.6021
GOOGL,2006-08,9.5651,9.6866,9.0249,9.4017,4274601120,9.4017
GOOGL,2006-09,9.4904,10.3992,9.3567,9.9821,4857193944,9.9821
GOOGL,2006-10,10.6229,12.219,9.89,11.8323,6334219440,11.8323
GOOGL,2006-11,11.8911,12.7416,11.5509,12.0414,4732874388,12.0414
GOOGL,2006-12,12.0705,12.2299,11.2349,11.4371,3662901432,11.4371
GOOGL,2007-01,11.6487,12.7416,11.4528,12.4559,4978500516,12.4559
GOOGL,2007-02,11.9868,12.568,11.0039,11.1632,4552007436,11.1632
GOOGL,2007-03,10.9948,11.5742,10.8539,11.3795,4719931344,11.3795
GOOGL,2007-04,11.7853,12.2324,11.2295,11.7078,3714621660,11.7078
GOOGL,2007-05,11.7267,12.6368,11.3609,12.3668,3979284732,12.3668
GOOGL,2007-06,12.4435,13.2877,12.3588,12.9825,5156774064,12.9825
GOOGL,2007-07,13.0518,13.8737,12.3909,12.6671,4660566768,12.6671
GOOGL,2007-08,12.6795,13.0848,11.9334,12.7975,3544479972,12.7975
GOOGL,2007-09,12.9999,14.2018,12.6889,14.0895,2773775448,14.0895
GOOGL,2007-10,15.6587,17.56,14.1476,17.56,6211821960,17.56
GOOGL,2007-11,17.4554,18.5595,15.3003,17.2123,6852148992,17.2123
GOOGL,2007-12,17.1629,18.0021,16.2064,17.1745,3409151436,17.1745
GOOGL,2008-01,16.8817,17.3208,12.8906,14.0157,6305264424,14.0157
GOOGL,2008-02,13.1308,13.438,11.0986,11.7029,7080332580,11.7029
GOOGL,2008-03,11.7111,11.7411,10.2357,10.9401,5818795380,10.9401
GOOGL,2008-04,13.2932,14.5264,10.9533,14.2638,5716066212,14.2638
GOOGL,2008-05,14.8649,14.9633,13.3578,14.5497,4181126688,14.5497
GOOGL,2008-06,14.4678,14.6054,12.7935,13.0749,3747632616,13.0749
GOOGL,2008-07,12.905,13.8016,11.5643,11.7667,4159276560,11.7667
GOOGL,2008-08,11.7359,12.6834,11.4724,11.5069,2749823424,11.5069
GOOGL,2008-09,11.0648,11.9761,9.4558,9.9479,5357776860,9.9479
GOOGL,2008-10,8.8369,10.3567,7.6857,8.9256,7963852176,8.9256
GOOGL,2008-11,8.8813,9.2484,6.1423,7.2764,6314998680,7.2764
GOOGL,2008-12,6.6994,8.1839,6.5218,7.6412,4515775704,7.6412
GOOGL,2009-01,7.9728,8.7509,7.0228,8.4082,4390872732,8.4082
GOOGL,2009-02,8.5085,9.463,8.1852,8.3948,4458948588,8.3948
GOOGL,2009-03,8.279,8.9206,7.1892,8.6449,4554452988,8.6449
GOOGL,2009-04,9.5909,10.0281,8.4599,9.8348,3509802684,9.8348
GOOGL,2009-05,9.9344,10.3629,9.5547,10.3629,2279130588,10.3629
GOOGL,2009-06,10.5869,11.1107,9.9819,10.4712,2815621560,10.4712
GOOGL,2009-07,10.536,11.2439,9.8351,11.0042,2917767312,11.0042
GOOGL,2009-08,11.1455,11.7816,10.8927,11.4667,1947594456,11.4667
GOOGL,2009-09,11.3214,12.5925,11.2411,12.3156,2041140816,12.3156
GOOGL,2009-10,13.5942,13.9497,11.9865,13.3158,3083893020,13.3158
GOOGL,2009-11,13.3397,14.581,13.1201,14.4802,1634611752,14.4802
GOOGL,2009-12,14.6789,15.5479,14.3853,15.3987,1703107188,15.3987
GOOGL,2010-01,15.0132,15.6354,13.0548,13.1623,3560455980,13.1623
GOOGL,2010-02,13.287,13.5985,12.9154,13.0843,2079290628,13.0843
GOOGL,2010-03,13.1439,14.6113,13.1077,14.0858,3347637012,14.0858
GOOGL,2010-04,13.7641,14.8488,12.941,13.057,2919517560,13.057
GOOGL,2010-05,13.0774,13.2363,11.4252,12.0618,3259185552,12.0618
GOOGL,2010-06,12.0878,12.6484,11.0457,11.0514,2392133472,11.0514
GOOGL,2010-07,11.0598,12.3566,10.7702,12.0424,2769627600,12.0424
GOOGL,2010-08,12.1452,12.6323,11.1184,11.1773,2112093792,11.1773
GOOGL,2010-09,11.6865,13.3339,11.2389,13.0592,2385651960,13.0592
GOOGL,2010-10,14.9161,15.5169,12.8869,15.2427,3170742084,15.2427
GOOGL,2010-11,15.2931,15.6686,13.7428,13.8024,2335338324,13.8024
GOOGL,2010-12,13.9834,15.0763,13.9685,14.7526,1689716592,14.7526
GOOGL,2011-01,15.042,15.9694,14.7919,14.9114,2396976624,14.9114
GOOGL,2011-02,15.1756,15.6768,14.9359,15.2352,1673085240,15.2352
GOOGL,2011-03,15.344,15.3798,13.6923,14.5736,2403154440,14.5736
GOOGL,2011-04,13.0749,14.7829,12.8906,13.514,2806858332,13.514
GOOGL,2011-05,13.2597,13.5545,12.7515,13.1395,1811302884,13.1395
GOOGL,2011-06,13.1151,13.2433,11.7486,12.5771,2362638996,12.5771
GOOGL,2011-07,12.5861,15.5854,12.5771,14.9941,3238977780,14.9941
GOOGL,2011-08,15.1811,15.2874,12.1917,13.436,4266752976,13.436
GOOGL,2011-09,13.0265,13.8722,12.6795,12.7922,2342842812,12.7922
GOOGL,2011-10,14.8893,14.9695,11.9368,14.7196,3085531380,14.7196
GOOGL,2011-11,14.4082,15.3569,13.942,14.8873,2409607980,14.8873
GOOGL,2011-12,14.9024,16.0638,14.8776,16.0424,2199698100,16.0424
GOOGL,2012-01,16.4456,16.6472,14.0219,14.4084,2942758296,14.4084
GOOGL,2012-02,14.5266,15.5383,14.3843,15.3557,1892689416,15.3557
GOOGL,2012-03,15.4553,16.3576,14.7494,15.9267,1891314792,15.9267
GOOGL,2012-04,15.1024,16.2223,14.659,15.0229,2352752892,15.0229
GOOGL,2012-05,14.9322,15.8425,14.3808,14.427,2344585068,14.427
GOOGL,2012-06,14.2018,14.6016,13.8225,14.4074,1858311828,14.4074
GOOGL,2012-07,14.4509,15.9605,13.9608,15.7213,2049412536,15.7213
GOOGL,2012-08,15.8289,17.1127,15.4839,17.0158,1880649468,17.0158
GOOGL,2012-09,17.6286,18.9978,16.728,18.7398,2404696896,18.7398
GOOGL,2012-10,18.3829,19.2336,16.6336,16.8969,2869080048,16.8969
GOOGL,2012-11,16.877,17.3668,15.7966,17.3457,1865300832,17.3457
GOOGL,2012-12,17.4418,18.1089,16.9473,17.5695,1666152180,17.5695
GOOGL,2013-01,18.0053,18.9,17.2749,18.7693,2094111792,18.7693
GOOGL,2013-02,18.8317,20.0927,18.8292,19.8997,1851762384,19.8997
GOOGL,2013-03,19.8152,20.9627,19.7035,19.7256,1700254044,19.7256
GOOGL,2013-04,19.506,20.5564,18.9077,20.4801,2139945912,20.4801
GOOGL,2013-05,20.7879,22.8653,20.2762,21.6388,1974715308,21.6388
GOOGL,2013-06,21.683,22.6229,21.0427,21.8661,1941280776,21.8661
GOOGL,2013-07,22.0171,23.0491,21.7478,22.0494,2047770180,22.0494
GOOGL,2013-08,22.2294,22.5948,21.0015,21.0348,1338144516,21.0348
GOOGL,2013-09,21.3688,22.5024,21.2099,21.7553,1323615060,21.7553
GOOGL,2013-10,22.0027,25.8686,20.9374,25.5969,2206771020,25.5969
GOOGL,2013-11,25.6269,26.5263,24.9615,26.3174,1049213736,26.3174
GOOGL,2013-12,26.4148,27.8427,26.0549,27.8355,1352374272,27.8355
GOOGL,2014-01,27.942,29.4705,26.8807,29.3322,2178287532,29.3322
GOOGL,2014-02,28.2647,30.5221,28.017,30.1935,1620230148,30.1935
GOOGL,2014-03,29.9725,30.4752,27.3733,27.6815,1744505748,27.6815
GOOGL,2014-04,27.6074,29.1944,25.3584,26.5434,1421285316,26.5434
GOOGL,2014-05,26.869,28.6664,25.3629,28.3682,829136000,28.3682
GOOGL,2014-06,28.2739,29.2589,27.1682,29.0143,789784000,29.0143
GOOGL,2014-07,29.1622,30.2172,28.3905,28.7602,771666000,28.7602
GOOGL,2014-08,28.7106,29.6663,28.1597,28.8996,581574000,28.8996
GOOGL,2014-09,29.3845,30.043,28.6341,29.1999,708502000,29.1999
GOOGL,2014-10,26.8199,29.3979,25.7261,28.1806,1109632000,28.1806
GOOGL,2014-11,27.9652,28.1448,26.7573,27.2481,595410000,27.2481
GOOGL,2014-12,26.7702,27.2337,24.6731,26.334,1088686000,26.334
GOOGL,2015-01,26.1598,27.066,24.3614,26.6759,1056926000,26.6759
GOOGL,2015-02,26.2983,28.2575,25.8904,27.9205,808386000,27.9205
GOOGL,2015-03,28.1374,28.9413,27.3102,27.527,864144000,27.527
GOOGL,2015-04,26.4874,29.0158,26.2517,27.2327,874900000,27.2327
GOOGL,2015-05,26.937,27.7027,26.4124,27.0844,648434000,27.0844
GOOGL,2015-06,27.1662,28.0684,26.7405,26.7995,704328000,26.7995
GOOGL,2015-07,26.9792,35.399,26.7856,32.6285,1370858000,32.6285
GOOGL,2015-08,32.6364,34.936,29.4321,32.1481,1106942000,32.1481
GOOGL,2015-09,31.6608,33.8438,30.6603,31.6791,871504000,31.6791
GOOGL,2015-10,34.4398,37.3428,31.3194,36.593,1005286000,36.593
GOOGL,2015-11,36.4511,38.8515,36.2982,37.8565,751482000,37.8565
GOOGL,2015-12,38.9681,39.635,36.5369,38.6088,872694000,38.6088
GOOGL,2016-01,37.2372,38.1716,34.1311,37.782,1039984000,37.782
GOOGL,2016-02,39.7249,40.2137,33.8448,35.5921,1352946000,35.5921
GOOGL,2016-03,35.7945,38.574,34.936,37.859,853314000,37.859
GOOGL,2016-04,39.2286,39.2509,34.8963,35.1286,933228000,35.1286
GOOGL,2016-05,35.3578,37.3915,34.9385,37.1617,682046000,37.1617
GOOGL,2016-06,37.1429,37.2868,33.3808,34.9127,839330000,34.9127
GOOGL,2016-07,34.9906,39.8956,34.6879,39.2703,653244000,39.2703
GOOGL,2016-08,39.0385,40.3888,38.9576,39.1963,577080000,39.1963
GOOGL,2016-09,40.0936,40.6459,38.8812,39.9015,630896000,39.9015
GOOGL,2016-10,41.0677,41.6354,39.513,40.894,707820000,40.894
GOOGL,2016-11,40.2395,40.496,36.9007,38.5031,967068000,38.5031
GOOGL,2016-12,39.3502,40.9059,37.3855,39.3254,687126000,39.3254
GOOGL,2017-01,40.1908,43.0249,39.5457,40.702,736654000,40.702
GOOGL,2017-02,40.891,42.3694,40.298,41.9297,529816000,41.9297
GOOGL,2017-03,42.2498,43.3931,40.9059,42.0721,691002000,42.0721
GOOGL,2017-04,42.082,46.4441,41.4171,45.8794,574432000,45.8794
GOOGL,2017-05,46.4515,49.6052,45.6947,48.9844,707186000,48.9844
GOOGL,2017-06,48.1189,50.0523,46.1314,46.1354,881706000,46.1354
GOOGL,2017-07,46.3111,49.9322,45.4223,46.9205,838172000,46.9205
GOOGL,2017-08,46.7096,47.5011,45.5856,47.4038,656924000,47.4038
GOOGL,2017-09,46.988,48.4246,45.8789,48.3209,592524000,48.3209
GOOGL,2017-10,48.4167,52.7822,47.7368,51.2647,737076000,51.2647
GOOGL,2017-11,51.4274,53.595,51.0473,51.42,573720000,51.42
GOOGL,2017-12,51.1341,53.9171,49.7402,52.275,598810000,52.275
GOOGL,2018-01,55.1334,59.4508,52.2562,58.6677,657748000,58.6677
GOOGL,2018-02,55.9483,58.9273,49.4762,54.7821,1026814000,54.7821
GOOGL,2018-03,55.061,58.4662,48.831,51.4681,1042336000,51.4681
GOOGL,2018-04,50.9957,54.464,49.3397,50.5471,984928000,50.5471
GOOGL,2018-05,51.3123,55.4882,50.0166,54.5876,740734000,54.5876
GOOGL,2018-06,55.2262,59.624,54.8888,56.0361,803684000,56.0361
GOOGL,2018-07,55.3493,64.0878,54.9151,60.9009,835654000,60.9009
GOOGL,2018-08,61.7475,63.1211,59.7486,61.1281,685718000,61.1281
GOOGL,2018-09,59.4791,60.9331,57.1432,59.9014,718518000,59.9014
GOOGL,2018-10,60.1456,60.7669,49.9823,54.1201,1130942000,54.1201
GOOGL,2018-11,54.1608,55.0803,49.7347,55.0664,786236000,55.0664
GOOGL,2018-12,55.2322,56.3244,48.5164,51.8562,857436000,51.8562
GOOGL,2019-01,52.1395,55.9607,50.7352,55.8723,697168000,55.8723
GOOGL,2019-02,55.6937,57.2673,54.2695,55.9051,652174000,55.9051
GOOGL,2019-03,56.1259,61.3584,56.0862,58.4032,663738000,58.4032
GOOGL,2019-04,60.1103,64.3622,58.7064,59.4994,647446000,59.4994
GOOGL,2019-05,58.1606,59.5128,54.7538,54.9101,742726000,54.9101
GOOGL,2019-06,54.0466,55.9061,50.9664,53.734,712452000,53.734
GOOGL,2019-07,54.6392,62.9439,54.3558,60.4532,715104000,60.4532
GOOGL,2019-08,60.4249,61.3514,56.709,59.0801,586310000,59.0801
GOOGL,2019-09,58.5303,61.9331,57.7492,60.5991,517072000,60.5991
GOOGL,2019-10,59.3764,64.4748,57.7209,62.468,603634000,62.468
GOOGL,2019-11,62.8154,66.1958,62.5132,64.7155,528780000,64.7155
GOOGL,2019-12,66.2886,67.8399,63.3737,66.4832,559106000,66.4832
GOOGL,2020-01,67.0747,74.4664,66.8196,71.1018,673594000,71.1018
GOOGL,2020-02,75.1492,75.9631,62.935,66.4603,830656000,66.4603
GOOGL,2020-03,67.0628,69.8815,50.0652,57.6618,1570716000,57.6618
GOOGL,2020-04,66.0688,67.4975,53.3509,66.6058,1124224000,66.6058
GOOGL,2020-05,64.916,71.7137,64.3146,71.1385,725130000,71.1385
GOOGL,2020-06,72.1022,73.2361,67.0757,70.3708,814160000,70.3708
GOOGL,2020-07,70.4264,78.7574,70.1787,73.8396,822998000,73.8396
GOOGL,2020-08,73.9909,82.0198,72.6526,80.8655,614564000,80.8655
GOOGL,2020-09,76.8642,85.6578,69.5818,72.7305,836634000,72.7305
GOOGL,2020-10,73.6267,83.4356,71.1241,80.1995,854920000,80.1995
GOOGL,2020-11,80.5682,90.1633,80.001,87.0622,631912000,87.0622
GOOGL,2020-12,90.3444,91.5001,84.0648,86.9748,608630000,86.9748
GOOGL,2021-01,85.6077,95.8796,84.169,90.6828,791662000,90.6828
GOOGL,2021-02,91.5379,106.4527,91.5379,100.3374,678324000,100.3374
GOOGL,2021-03,101.6321,104.8944,98.9523,102.3527,756694000,102.3527
GOOGL,2021-04,103.828,120.6573,103.7873,116.7925,702352000,116.7925
GOOGL,2021-05,115.5584,118.5567,108.8585,116.9588,603480000,116.9588
GOOGL,2021-06,121.5317,122.1724,115.6025,121.174,544936000,121.174
GOOGL,2021-07,120.8122,137.2599,120.6201,133.7162,610808000,133.7162
GOOGL,2021-08,136.717,144.8759,132.3197,143.6124,461586000,143.6124
GOOGL,2021-09,144.127,145.1572,132.5545,132.6736,590840000,132.6736
GOOGL,2021-10,133.4393,147.5352,130.0673,146.9358,720758000,146.9358
GOOGL,2021-11,146.9358,149.8344,140.5396,140.8334,608378000,140.8334
GOOGL,2021-12,142.9202,147.9819,138.2762,143.7657,619694000,143.7657
GOOGL,2022-01,135.9711,145.3865,123.5664,134.2888,767206000,134.2888
GOOGL,2022-02,150.1157,150.41,124.0165,134.0442,928126000,134.0442
GOOGL,2022-03,133.867,142.7152,124.3356,138.0246,729162000,138.0246
GOOGL,2022-04,138.4539,142.6343,111.8911,113.2538,761152000,113.2538
GOOGL,2022-05,115.5574,121.9332,101.1205,112.9089,850450000,112.9089
GOOGL,2022-06,113.9937,118.452,104.2583,108.1459,770754000,108.1459
GOOGL,2022-07,107.1236,118.7875,103.2896,115.4477,789529700,115.4477
GOOGL,2022-08,113.1451,121.5119,106.9916,107.4085,515852700,107.4085
GOOGL,2022-09,106.4953,110.783,94.8434,94.9327,613278900,94.9327
GOOGL,2022-10,96.0344,104.0339,91.1116,93.8013,681488300,93.8013
GOOGL,2022-11,94.7342,100.2823,82.715,100.2327,716522700,100.2327
GOOGL,2022-12,98.3072,101.4832,85.2955,87.5684,603127800,87.5684
GOOGL,2023-01,89.6725,99.5677,84.2236,98.0988,672897800,98.0988
GOOGL,2023-02,97.9698,107.3687,87.9157,89.3846,952580200,89.3846
GOOGL,2023-03,89.3052,105.7907,88.7494,102.9521,859933900,102.9521
GOOGL,2023-04,104.9868,108.3513,101.1656,106.535,604106300,106.535
GOOGL,2023-05,104.0339,125.4819,102.9323,121.9486,820611200,121.9486
GOOGL,2023-06,124.9856,128.0723,115.2294,118.8024,656851900,118.8024
GOOGL,2023-07,118.3458,132.7371,114.485,131.7247,708341900,131.7247
GOOGL,2023-08,128.4792,136.9651,125.4323,135.1488,593329000,135.1488
GOOGL,2023-09,134.4243,138.1164,126.266,129.8787,477599300,129.8787
GOOGL,2023-10,134.0571,140.161,119.3085,123.1495,680747700,123.1495
GOOGL,2023-11,123.1396,138.3745,122.7922,131.5361,535233300,131.5361
GOOGL,2023-12,138.5829,141.61,126.9409,139.1784,619995600,139.1784
GOOGL,2024-01,137.382,152.6268,134.1365,139.0494,581871000,139.0494
GOOGL,2024-02,144.9845,148.3193,134.3945,137.4217,647623800,137.4217
GOOGL,2024-03,137.3919,151.1182,129.6901,149.7982,672715700,149.7982
GOOGL,2024-04,154.1751,173.3999,148.4782,161.5593,659848400,161.5593
GOOGL,2024-05,163.5542,177.4294,161.8273,171.2064,542386500,171.2064
GOOGL,2024-06,173.112,184.8667,169.8765,180.9915,460108700,180.9915
GOOGL,2024-07,181.8659,190.5305,163.0166,170.449,526128300,170.449
GOOGL,2024-08,165.3814,172.9431,153.9446,162.3409,550739500,162.3409
GOOGL,2024-09,156.2996,165.3124,146.4778,165.0139,532543100,165.0139
GOOGL,2024-10,165.581,181.1024,158.9347,170.2474,569309100,170.2474
GOOGL,2024-11,169.2126,181.57,162.8747,168.0982,529919300,168.0982
GOOGL,2024-12,170.6254,200.6342,167.7202,188.5615,645610200,188.5615
GOOGL,2025-01,190.6234,204.6784,186.6291,203.2241,500334600,203.2241
GOOGL,2025-02,199.9071,206.2423,166.1194,169.6157,629376900,169.6157
GOOGL,2025-03,171.2593,174.2874,150.2451,154.2141,732152300,154.2141
GOOGL,2025-04,153.1969,165.6426,140.143,158.3627,842648300,158.3627
GOOGL,2025-05,162.5511,176.2832,147.4328,171.267,942494200,171.267
GOOGL,2025-06,175.4282,180.9497,161.7494,175.9574,847382400,175.9574
GOOGL,2025-07,175.4682,197.6438,172.5028,191.6032,860114400,191.6032
GOOGL,2025-08,188.7376,214.318,187.5295,212.5807,617570900,212.5807
GOOGL,2025-09,225.8601,255.8327,205.8811,242.9411,829465500,242.9411
GOOGL,2025-10,244.9897,291.3994,235.6858,281.0062,729575900,281.0062
GOOGL,2025-11,281.9955,328.615,270.5231,319.7409,855278300,319.7409
GOOGL,2025-12,317.4923,322.9487,296.12,313.51,624809400,313.51
META,2012-05,32.3838,44.6878,26.6439,31.778,1251513200,31.778
META,2012-06,28.3122,33.218,25.343,31.1921,667910500,31.1921
META,2012-07,31.8773,32.6519,21.4601,31.2517,520189700,31.2517
META,2012-08,21.2615,22.2943,17.9049,21.0529,1151944900,21.0529
META,2012-09,18.1433,23.2079,17.4283,21.5097,1058643700,21.5097
META,2012-10,19.5435,24.0818,18.6696,19.7421,1100938300,19.7421
META,2012-11,19.474,27.8058,18.7391,27.8058,1527490200,27.8058
META,2012-12,27.6369,28.6797,24.9755,27.1702,1191832200,27.1702
META,2013-01,28.9478,32.2845,27.2298,31.0233,1675851700,31.0233
META,2013-02,28.0838,30.8048,26.1573,26.9418,957639800,26.9418
META,2013-03,26.8624,28.4811,24.5485,25.4026,727180500,25.4026
META,2013-04,26.0381,27.9051,24.9755,25.9289,738509200,25.9289
META,2013-05,28.8386,28.8683,23.0986,24.1811,982094800,24.1811
META,2013-06,24.0321,25.0153,22.5127,23.7342,788331500,23.7342
META,2013-07,24.5287,38.0443,23.9825,36.5447,1438017100,36.5447
META,2013-08,36.7135,41.9668,35.7701,37.5477,1344994100,37.5477
META,2013-09,44.5389,51.2421,41.1525,49.8816,1583083800,49.8816
META,2013-10,49.6929,54.4497,44.946,51.8478,2032635000,51.8478
META,2013-11,46.4257,51.7287,43.2479,46.1675,1357311900,46.1675
META,2013-12,54.4794,58.1736,45.9391,54.6681,1517533200,54.6681
META,2014-01,54.4497,62.9304,51.4903,62.136,1294714800,62.136
META,2014-02,67.2602,70.9444,60.2789,68.1142,1110774100,68.1142
META,2014-03,69.2066,72.0864,57.5778,59.8221,1255440000,59.8221
META,2014-04,62.2154,63.4667,54.2808,60.9344,1883965100,60.9344
META,2014-05,60.0108,63.854,55.8697,62.8609,1120155500,62.8609
META,2014-06,64.0426,67.5283,61.3614,63.8937,863389800,63.8937
META,2014-07,66.565,76.2077,61.7785,72.146,1028365000,72.146
META,2014-08,73.8045,75.4629,71.0537,74.0726,590763600,74.0726
META,2014-09,74.4897,79.1571,72.5631,78.4917,720995800,78.4917
META,2014-10,72.722,80.597,69.8322,73.0795,1083643000,73.0795
META,2014-11,74.9465,77.7271,72.007,77.161,490965300,77.161
META,2014-12,77.9157,81.6,73.8839,74.1719,534527100,74.1719
META,2015-01,76.6943,78.7002,73.0299,75.3834,546210700,75.3834
META,2015-02,76.3268,80.8056,72.9405,75.9793,475148700,75.9793
META,2015-03,78.7499,85.4729,76.7241,81.6497,575349900,81.6497
META,2015-04,81.8979,84.9963,77.7767,82.1363,542124600,82.1363
META,2015-05,80.6864,81.2822,76.2573,78.6407,421870700,78.6407
META,2015-06,80.2594,88.7798,78.1143,80.1501,537740300,80.1501
META,2015-07,94.2913,98.5516,84.6388,94.5495,790781000,94.5495
META,2015-08,93.765,98.055,71.5005,93.765,709884600,93.765
META,2015-09,86.2475,95.8207,85.1254,89.2764,635399800,89.2764
META,2015-10,95.5128,104.3908,87.7471,95.2943,571590400,95.2943
META,2015-11,108.0453,109.8824,99.7731,105.7513,547232800,105.7513
META,2015-12,104.6391,107.1714,100.7562,103.8248,440304100,103.8248
META,2016-01,101.2428,112.0572,88.7501,111.4316,792709100,111.4316
META,2016-02,103.0204,116.7743,96.1484,101.2031,874152500,101.2031
META,2016-03,111.372,116.1785,103.6758,113.3085,521458900,113.3085
META,2016-04,110.0215,119.9521,105.5725,110.0711,741613800,110.0711
META,2016-05,117.0126,120.2401,115.0762,117.9858,460544200,117.9858
META,2016-06,113.0801,118.6115,107.4792,113.805,450876100,113.805
META,2016-07,113.4078,127.4398,112.1863,123.0802,470108600,123.0802
META,2016-08,124.0435,125.8509,121.2232,124.0137,365670900,124.0137
META,2016-09,125.9701,131.0644,124.7287,127.3802,376518100,127.3802
META,2016-10,127.3206,132.5739,125.8707,126.9929,313284400,126.9929
META,2016-11,130.4984,131.0247,112.7623,117.5985,644052900,117.5985
META,2016-12,119.1676,121.6502,113.2092,119.7336,408728400,119.7336
META,2017-01,127.1518,132.2164,114.7087,129.416,378958900,129.416
META,2017-02,132.5243,136.2284,129.3961,132.9116,384700500,132.9116
META,2017-03,141.3228,141.9584,135.136,141.4221,342098600,141.4221
META,2017-04,139.8233,150.4789,137.8471,138.6118,275586300,138.6118
META,2017-05,152.2763,152.5345,143.4182,150.4094,403586900,150.4094
META,2017-06,147.1422,155.4144,143.5572,149.6348,414757100,149.6348
META,2017-07,148.2147,174.2727,146.7747,147.7877,419907600,147.7877
META,2017-08,166.785,171.8496,163.8554,169.5655,303622800,169.5655
META,2017-09,170.0819,172.793,160.4393,169.6847,304818300,169.6847
META,2017-10,172.2468,179.5458,167.1226,171.3531,318146600,171.3531
META,2017-11,180.6282,182.9719,172.793,175.9509,350998700,175.9509
META,2017-12,177.0532,181.0155,167.8376,177.0631,317095800,177.0631
META,2018-01,176.4475,189.3374,174.5805,185.5936,495655700,185.5936
META,2018-02,172.2468,193.9651,166.0203,171.9489,516251600,171.9489
META,2018-03,177.7682,184.8091,147.9863,158.6815,996201700,158.6815
META,2018-04,163.4383,175.8715,149.4659,162.7332,750072700,162.7332
META,2018-05,170.8069,191.3831,169.0492,190.4496,401144100,190.4496
META,2018-06,191.7307,202.138,185.1368,192.972,387265600,192.972
META,2018-07,192.0286,217.1035,165.4046,171.3828,647030700,171.3828
META,2018-08,178.0959,186.9938,169.0889,170.4593,548832700,170.4593
META,2018-09,172.2965,172.6838,157.7679,163.3192,500468800,163.3192
META,2018-10,144.8085,164.7293,138.0656,150.7371,622446300,150.7371
META,2018-11,150.4689,153.0608,125.9701,139.6346,518151700,139.6346
META,2018-12,139.7538,146.1689,122.1666,140.1113,558786200,140.1113
META,2019-01,128.0952,170.4891,127.6682,165.5337,527547900,165.5337
META,2019-02,163.3688,171.2736,158.4829,161.6806,302243200,161.6806
META,2019-03,165.0471,173.0909,158.1751,161.1543,387936100,161.1543
META,2019-04,178.3541,197.1032,166.1196,177.6292,381985300,177.6292
META,2019-05,179.0294,194.8191,175.9311,181.7405,286821500,181.7405
META,2019-06,189.2282,197.5004,159.7243,188.1854,426428600,188.1854
META,2019-07,191.6612,207.2125,190.5986,192.8826,351020900,192.8826
META,2019-08,185.4843,197.0932,175.4345,184.2827,294689500,184.2827
META,2019-09,187.2222,191.7605,174.4415,185.8418,264538500,185.8418
META,2019-10,179.0692,196.7159,171.8893,182.9123,326207200,182.9123
META,2019-11,191.5122,202.3863,187.2321,200.2413,258303900,200.2413
META,2019-12,200.2611,207.4807,191.83,200.8569,276257100,200.8569
META,2020-01,221.0261,222.6448,199.6653,200.5094,347314600,200.5094
META,2020-02,210.0527,217.2524,180.5587,205.7528,317547300,205.7528
META,2020-03,194.8589,195.8718,136.149,165.6429,649467700,165.6429
META,2020-04,174.6798,208.2354,149.7837,173.5775,541334600,173.5775
META,2020-05,200.2015,239.2289,197.3812,223.5286,509476500,223.5286
META,2020-06,239.2885,243.4891,205.6733,222.8732,548043800,222.8732
META,2020-07,226.9149,254.0752,225.326,251.9103,517599700,251.9103
META,2020-08,258.3851,302.5566,245.7136,258.0872,574239100,258.0872
META,2020-09,292.6656,301.494,242.4365,260.0833,499115300,260.0833
META,2020-10,257.9481,283.2613,253.0524,262.6156,454101600,262.6156
META,2020-11,275.4658,295.3171,255.5549,275.0486,356771600,275.0486
META,2020-12,277.2533,289.756,262.7943,281.4341,363901000,281.4341
META,2021-01,272.8739,284.8006,242.9132,256.538,452633100,256.538
META,2021-02,266.8857,274.6813,252.2777,267.5808,317775200,267.5808
META,2021-03,259.0107,297.631,251.7415,292.4868,497416700,292.4868
META,2021-04,309.2399,329.5083,293.9864,296.5882,421257700,296.5882
META,2021-05,317.8001,331.4646,296.1215,326.4496,353423700,326.4496
META,2021-06,334.3644,355.6556,321.2361,345.2979,344810400,345.2979
META,2021-07,344.4142,374.931,332.1796,353.8284,335420300,353.8284
META,2021-08,355.6159,380.1048,345.2881,376.7483,226132300,376.7483
META,2021-09,338.0884,381.664,335.8043,337.2542,338121800,337.2542
META,2021-10,337.2939,342.6267,305.9726,333.0138,588382500,333.0138
META,2021-11,323.7784,351.3755,320.958,322.2092,441125000,322.2092
META,2021-12,336.6286,350.2633,297.4224,331.4746,438246900,331.4746
META,2022-01,335.9532,340.71,287.0052,311.087,427237300,311.087
META,2022-02,210.9366,325.7247,188.9005,206.2692,1128039600,206.2692
META,2022-03,203.3595,229.5465,184.531,220.8175,733274500,220.8175
META,2022-04,209.0597,235.2169,167.8277,199.0297,672255000,199.0297
META,2022-05,199.7745,222.7441,174.8883,192.2967,680548800,192.2967
META,2022-06,160.5584,200.6285,153.18,155.9606,685975600,155.9606
META,2022-07,159.1979,182.5747,153.7758,157.9964,586482400,157.9964
META,2022-08,173.1306,181.8299,154.1532,166.7949,551922900,166.7949
META,2022-09,156.6656,170.2011,133.1896,164.2129,635014800,164.2129
META,2022-10,130.0913,141.4023,91.9576,133.1102,1107662200,133.1102
META,2022-11,93.6757,117.9163,87.4789,117.2808,1063791200,117.2808
META,2022-12,121.2828,123.8052,111.6799,120.7465,653019800,120.7465
META,2023-01,135.2353,152.1273,121.4318,147.9366,548770600,147.9366
META,2023-02,175.1962,195.7923,146.0399,171.2438,772170900,171.2438
META,2023-03,205.8024,210.6982,170.2408,206.3982,690053000,206.3982
META,2023-04,218.3845,240.0135,205.6932,214.2037,446687900,214.2037
META,2023-05,241.4931,266.7864,228.2556,262.8837,487130000,262.8837
META,2023-06,270.411,287.7798,257.0842,279.0507,481150500,279.0507
META,2023-07,290.1532,323.9372,282.8741,289.9645,625139900,289.9645
META,2023-08,277.0944,321.8915,272.4767,287.889,424505900,287.889
META,2023-09,294.9596,310.6997,284.8006,298.1275,406770000,298.1275
META,2023-10,316.4296,328.247,277.4618,321.7525,511352700,321.7525
META,2023-11,323.9372,340.5413,299.7561,324.8806,329280700,324.8806
META,2023-12,322.3483,359.3895,311.4842,332.4179,334625900,332.4179
META,2024-01,386.3016,403.5411,337.6514,397.2848,347235200,397.2848
META,2024-02,464.684,491.4516,390.3235,480.6723,466206300,480.6723
META,2024-03,489.2148,520.4898,473.1996,482.7232,279596300,482.7232
META,2024-04,500.1402,528.3631,412.0614,498.8478,437279500,498.8478
META,2024-05,443.3065,479.6614,424.5973,464.0836,282471200,464.0836
META,2024-06,500.1889,520.3199,465.4852,504.1495,226116800,504.1495
META,2024-07,498.3082,540.1524,440.4827,472.5051,324005400,472.5051
META,2024-08,525.4746,541.5654,448.5928,534.6992,323379200,534.6992
META,2024-09,565.4594,575.121,493.1734,565.1208,246415200,565.1208
META,2024-10,591.8746,600.5702,559.3038,583.9562,265878300,583.9562
META,2024-11,565.3697,597.2932,546.8829,572.0533,237791800,572.0533
META,2024-12,620.9096,635.8803,573.2983,628.3004,263222700,628.3004
META,2025-01,587.8662,708.5557,585.9722,687.0136,317914400,687.0136
META,2025-02,719.252,738.581,639.8424,734.3544,298418700,734.3544
META,2025-03,671.5623,679.1085,552.0515,575.0594,363413500,575.0594
META,2025-04,504.1099,591.3226,478.7173,483.5663,451371800,483.5663
META,2025-05,590.7439,661.1746,569.2126,646.0289,292454900,646.0289
META,2025-06,700.9548,746.7865,642.8062,694.7341,254756800,694.7341
META,2025-07,735.7829,783.5816,690.1709,772.2885,273103200,772.2885
META,2025-08,782.9826,795.0645,729.9117,766.2275,224528100,766.2275
META,2025-09,734.9042,789.6226,720.6554,734.0155,234427400,734.0155
META,2025-10,716.4757,758.5413,645.044,711.4897,411788600,711.4897
META,2025-11,655.4654,658.7927,580.7763,647.422,416306900,647.422
META,2025-12,645.7,710.4206,637.0304,657.15,309560300,657.15
MSFT,2000-01,34.0552,36.2314,28.9775,33.5971,1274875200,33.5971
MSFT,2000-02,31.2873,33.5971,26.9158,31.65,1334487600,31.65
MSFT,2000-03,28.0421,35.1242,27.164,32.4517,2028187600,32.4517
MSFT,2000-04,27.9658,29.4738,19.8528,26.3814,2258146600,26.3814
MSFT,2000-05,21.4945,22.6017,18.4402,19.1083,1344430800,19.1083
MSFT,2000-06,23.537,25.1024,19.4901,23.5752,1467050200,23.5752
MSFT,2000-07,23.7088,25.3124,20.54,21.3227,1234185800,21.3227
MSFT,2000-08,21.5899,22.8689,20.8073,21.3227,1219399800,21.3227
MSFT,2000-09,18.6311,22.0099,17.9057,18.7265,1425533800,18.7265
MSFT,2000-10,20.6164,21.4181,14.7942,21.0364,2469415600,21.0364
MSFT,2000-11,18.9365,22.1053,17.4094,19.8719,1983462600,19.8719
MSFT,2000-12,13.4197,18.5166,12.3126,17.2949,2056668200,17.2949
MSFT,2001-01,13.477,19.7765,13.0952,18.6502,2005531200,18.6502
MSFT,2001-02,18.5547,19.8719,16.4549,19.1083,1536895600,19.1083
MSFT,2001-03,17.8866,18.6693,15.195,16.7031,1895349800,16.7031
MSFT,2001-04,16.894,21.7159,15.5959,15.8632,2075807000,15.8632
MSFT,2001-05,20.6652,22.0366,20.54,21.1295,1777305800,21.1295
MSFT,2001-06,22.1741,23.2584,20.1613,22.2168,1449177800,22.2168
MSFT,2001-07,20.0514,22.3421,19.6085,20.2163,1455201000,20.2163
MSFT,2001-08,17.3636,20.6286,17.1956,17.3911,1153896400,17.3911
MSFT,2001-09,17.4674,18.0447,14.5078,15.6287,1510824400,15.6287
MSFT,2001-10,17.385,19.4344,15.3966,17.6293,1750891000,17.6293
MSFT,2001-11,18.3501,20.873,18.2035,19.6115,1330968600,19.6115
MSFT,2001-12,20.763,21.3464,19.4863,20.7172,977089000,20.7172
MSFT,2002-01,20.4973,21.5693,18.7319,19.4588,1360115800,19.4588
MSFT,2002-02,18.3623,19.7001,17.4552,18.6708,1131159200,18.6708
MSFT,2002-03,18.7044,19.8528,17.8095,18.4204,1073244200,18.4204
MSFT,2002-04,17.0704,18.4479,15.7112,17.0826,1417479400,17.0826
MSFT,2002-05,16.9513,17.2384,14.7674,15.5493,1420266200,15.5493
MSFT,2002-06,15.7296,17.2384,15.0179,15.8762,1834073000,15.8762
MSFT,2002-07,15.9983,16.7772,12.6478,14.6544,2432188000,14.6544
MSFT,2002-08,13.5274,16.3251,13.3777,13.9489,1715757200,13.9489
MSFT,2002-09,14.8194,15.6074,13.167,13.3594,1695705800,13.3594
MSFT,2002-10,15.9678,16.5145,13.1914,15.6471,2475370600,15.6471
MSFT,2002-11,16.0136,17.9103,15.8517,17.1345,1555997200,17.1345
MSFT,2002-12,16.4442,18.008,15.6562,16.2213,1268370200,16.2213
MSFT,2003-01,15.9739,17.5071,14.3643,14.4956,1718662200,14.4956
MSFT,2003-02,14.3124,15.2653,14.0497,15.247,1346970800,15.247
MSFT,2003-03,15.9456,16.4236,13.8191,14.8364,1371902600,14.8364
MSFT,2003-04,15.3818,16.1968,14.677,15.2715,1249617700,15.2715
MSFT,2003-05,15.8414,16.2397,14.6403,15.0815,1311003700,15.0815
MSFT,2003-06,14.6709,16.2459,14.4626,15.2408,1569995800,15.2408
MSFT,2003-07,16.301,17.0425,15.5595,16.0743,1292011000,16.0743
MSFT,2003-08,16.2459,16.5155,15.584,16.252,966506900,16.252
MSFT,2003-09,16.3623,18.3846,16.2214,17.0364,1253309100,17.0364
MSFT,2003-10,17.5634,18.1365,15.9672,18.0132,1400032500,18.0132
MSFT,2003-11,16.2384,16.4849,15.3079,15.844,1442336700,15.844
MSFT,2003-12,16.0967,16.9779,15.7146,15.8132,1476461300,15.8132
MSFT,2004-01,17.3723,17.7667,16.7992,17.0395,1232189000,17.0395
MSFT,2004-02,16.5773,17.132,16.2384,16.3493,1032065600,16.3493
MSFT,2004-03,16.2384,16.4664,14.7964,15.3633,1703041000,15.3633
MSFT,2004-04,16.7376,17.0827,15.314,16.1028,1558947800,16.1028
MSFT,2004-05,15.8378,16.3925,15.6653,16.1644,1141456900,16.1644
MSFT,2004-06,17.6065,17.7482,15.9364,17.5634,1534889700,17.5634
MSFT,2004-07,17.6866,18.42,16.793,17.5572,1550446900,17.5572
MSFT,2004-08,16.7191,17.5942,16.5527,16.8735,1094195300,16.8735
MSFT,2004-09,16.8302,17.1763,16.5273,17.0898,1141012300,17.0898
MSFT,2004-10,17.1949,17.8562,17.028,17.2876,1300591200,17.2876
MSFT,2004-11,17.541,18.9439,17.2814,17.5966,1739407300,17.5966
MSFT,2004-12,18.5651,18.9026,18.3791,18.4066,1803777700,18.4066
MSFT,2005-01,18.4617,18.6684,17.6626,18.1035,1521414300,18.1035
MSFT,2005-02,18.0829,18.2551,17.3647,17.3855,1361126000,17.3855
MSFT,2005-03,17.0262,17.8208,16.4595,16.7014,1541411300,16.7014
MSFT,2005-04,16.7498,17.5859,16.5424,17.4822,1520253700,17.4822
MSFT,2005-05,17.4338,18.0853,17.0261,17.8843,1270563700,17.8843
MSFT,2005-06,17.8357,18.0229,17.2049,17.2188,1303029500,17.2188
MSFT,2005-07,17.2257,18.3556,16.9831,17.7525,1321407700,17.7525
MSFT,2005-08,17.8912,19.3677,17.8565,19.0358,1441979300,19.0358
MSFT,2005-09,18.9176,19.0427,17.4645,17.8886,1348861500,17.8886
MSFT,2005-10,17.8747,17.9373,16.8597,17.8678,1439659900,17.8678
MSFT,2005-11,17.8052,19.6982,17.8052,19.3008,1444948300,19.3008
MSFT,2005-12,19.3356,19.5936,18.1991,18.2339,1271695500,18.2339
MSFT,2006-01,18.7569,19.7889,18.1991,19.6285,1388622700,19.6285
MSFT,2006-02,19.496,19.5727,18.3664,18.7995,1047699000,18.7995
MSFT,2006-03,19.1003,19.744,18.6246,19.0513,1437940900,19.0513
MSFT,2006-04,19.3102,19.5481,16.7915,19.2822,1446126900,19.2822
MSFT,2006-05,17.1343,17.4911,15.7683,15.9088,2309193400,15.9088
MSFT,2006-06,15.972,16.6111,15.0729,16.3653,1971637200,16.3653
MSFT,2006-07,16.4145,17.2784,15.6138,16.5058,1332298100,16.5058
MSFT,2006-08,18.0893,18.5052,16.7516,18.1809,1134188400,18.1809
MSFT,2006-09,18.1104,19.4005,17.8989,19.2807,1097482600,19.2807
MSFT,2006-10,19.2947,20.3381,19.1397,19.6966,1290967400,19.6966
MSFT,2006-11,20.5778,21.2211,20.1478,20.7684,1239142000,20.7684
MSFT,2006-12,20.7684,21.405,20.3723,20.5067,1137160900,20.5067
MSFT,2007-01,21.1574,22.268,20.7967,21.8294,1324518200,21.8294
MSFT,2007-02,20.9664,21.886,19.726,20.6977,1290850900,20.6977
MSFT,2007-03,19.7473,20.2654,18.8813,19.7828,1269506500,19.7828
MSFT,2007-04,20.2299,21.82,19.5627,19.9531,958964900,19.9531
MSFT,2007-05,21.5715,22.1897,21.2237,21.855,1327154700,21.855
MSFT,2007-06,21.6271,22.0046,20.68,21.0931,1181412800,21.0931
MSFT,2007-07,21.1287,22.674,20.6159,20.6444,1295548000,20.6444
MSFT,2007-08,20.972,21.4349,19.6591,21.0361,1228579500,21.0361
MSFT,2007-09,20.7096,21.3313,20.2022,21.0527,1117419500,21.0527
MSFT,2007-10,24.5614,26.4409,20.9312,26.3051,1772076700,26.3051
MSFT,2007-11,24.0762,26.7982,23.4309,24.0906,1830846800,24.0906
MSFT,2007-12,25.7396,26.3275,23.3951,23.603,1064817100,23.603
MSFT,2008-01,25.6607,25.7826,22.2551,23.3736,1950301600,23.3736
MSFT,2008-02,22.2694,23.8396,19.4481,21.6457,2324580800,21.6457
MSFT,2008-03,19.4481,21.2979,19.3401,20.427,1452390200,20.427
MSFT,2008-04,20.6861,23.1045,20.1031,21.2331,1444720000,21.2331
MSFT,2008-05,20.5133,22.0554,20.1915,20.4588,1405170200,20.4588
MSFT,2008-06,19.9965,21.3619,19.5847,19.8737,1560439100,19.8737
MSFT,2008-07,19.433,20.1626,17.9665,18.5806,1637501300,18.5806
MSFT,2008-08,20.0255,20.5889,18.111,19.7934,1206949700,19.7934
MSFT,2008-09,18.6619,20.1343,17.0445,19.3582,1927538700,19.3582
MSFT,2008-10,16.7761,19.9239,14.9774,16.4135,3044579400,16.4135
MSFT,2008-11,14.7722,17.1605,12.7787,14.962,1794911800,14.962
MSFT,2008-12,13.8813,15.517,13.487,14.1953,1546943400,14.1953
MSFT,2009-01,12.9539,15.3344,12.231,12.8444,1564043400,12.8444
MSFT,2009-02,12.4355,14.5531,11.837,13.5089,1456213400,13.5089
MSFT,2009-03,11.7855,13.8809,10.9327,13.506,1625752800,13.506
MSFT,2009-04,14.3367,15.5866,13.3663,13.7853,1562400700,13.7853
MSFT,2009-05,14.9764,15.4932,13.9765,15.4562,1101122400,15.4562
MSFT,2009-06,15.804,18.0089,15.434,17.5871,1411144700,17.5871
MSFT,2009-07,17.7943,19.0299,16.2775,17.4021,1517459800,17.4021
MSFT,2009-08,17.7055,18.9658,17.0396,17.4317,993250400,17.4317
MSFT,2009-09,18.6458,19.5312,17.6786,19.1369,1038979700,19.1369
MSFT,2009-10,18.3631,21.8378,18.1771,18.6756,1523430100,18.6756
MSFT,2009-11,21.7849,22.5247,20.3943,21.8372,1018256700,21.8372
MSFT,2009-12,22.8685,23.5411,21.8596,22.8087,920605500,22.8087
MSFT,2010-01,22.8834,23.3468,20.6713,21.0599,1359650900,21.0599
MSFT,2010-02,21.5113,21.7966,20.6041,21.2318,1074643300,21.2318
MSFT,2010-03,21.8342,22.9529,21.2035,21.9918,1110237200,21.9918
MSFT,2010-04,23.2232,23.7112,21.4888,22.9304,1319029500,22.9304
MSFT,2010-05,22.9154,23.3208,18.5236,19.4588,1720130200,19.4588
MSFT,2010-06,17.5733,20.3111,17.3093,19.5267,1671811600,19.5267
MSFT,2010-07,18.8253,19.9189,17.1434,19.4664,1408590600,19.4664
MSFT,2010-08,18.0007,19.8963,17.6822,17.7959,1279372100,17.7959
MSFT,2010-09,18.6603,19.3579,17.849,18.5769,1273139500,18.5769
MSFT,2010-10,19.5551,20.6242,18.031,19.9266,1281432800,19.9266
MSFT,2010-11,20.3815,21.8905,19.0191,19.2709,1361176300,19.2709
MSFT,2010-12,21.3383,21.6664,19.4997,21.3383,1033710000,21.3383
MSFT,2011-01,21.3155,22.4751,20.9188,21.1553,1361258700,21.1553
MSFT,2011-02,20.4822,21.6206,20.2827,20.3747,1114368500,20.3747
MSFT,2011-03,20.1522,20.5513,18.9397,19.4846,1310885200,19.4846
MSFT,2011-04,20.3057,20.6203,18.9704,19.8913,1313844800,19.8913
MSFT,2011-05,19.6457,20.1445,18.5617,19.3187,1364062800,19.3187
MSFT,2011-06,19.8594,20.0835,18.2682,20.0835,1297757600,20.0835
MSFT,2011-07,20.0294,21.7442,19.9599,21.1649,1259328200,21.1649
MSFT,2011-08,20.0003,21.3889,18.4923,20.6766,1719339500,20.6766
MSFT,2011-09,20.5678,21.3762,19.122,19.3474,1279920200,19.3474
MSFT,2011-10,21.0886,21.3762,18.8577,20.972,1218142500,20.972
MSFT,2011-11,20.288,21.143,19.031,20.2024,1046207400,20.2024
MSFT,2011-12,20.4485,20.5112,19.7045,20.3781,1007166600,20.3781
MSFT,2012-01,20.7931,23.4559,20.6678,23.127,1354858100,23.127
MSFT,2012-02,24.7613,25.2264,23.268,25.0214,984332300,25.0214
MSFT,2012-03,25.1712,25.9753,24.8243,25.4314,942366500,25.4314
MSFT,2012-04,25.321,25.928,23.8311,25.2422,940739700,25.2422
MSFT,2012-05,25.1081,25.4944,22.7258,23.1622,1014372600,23.1622
MSFT,2012-06,24.043,24.7095,22.4719,23.7018,973131400,23.7018
MSFT,2012-07,24.2969,24.6381,22.6464,23.3844,846604100,23.3844
MSFT,2012-08,24.2502,24.7294,22.9876,24.0668,671748400,24.0668
MSFT,2012-09,24.1384,25.2486,23.755,23.7709,893107700,23.7709
MSFT,2012-10,23.6751,24.1623,22.1734,23.5553,1105402300,23.5553
MSFT,2012-11,23.0361,24.1224,21.2121,21.4376,1310516100,21.4376
MSFT,2012-12,21.7677,22.3315,21.1476,21.2845,947310900,21.2845
MSFT,2013-01,22.2509,22.7341,21.1638,21.3812,1145054400,21.3812
MSFT,2013-02,22.5811,22.898,21.8241,22.224,780587000,22.224
MSFT,2013-03,22.6138,23.2715,22.3458,23.2309,844946000,23.2309
MSFT,2013-04,25.9023,26.8848,22.8249,23.2309,1465757200,23.2309
MSFT,2013-05,27.9074,28.8477,26.2434,28.537,1071860000,28.537
MSFT,2013-06,27.5231,29.2566,26.6318,28.6188,945155500,28.6188
MSFT,2013-07,28.1363,29.7881,25.3644,26.0349,1111130600,26.0349
MSFT,2013-08,26.7953,28.9851,25.3949,25.9204,1051265000,25.9204
MSFT,2013-09,26.1443,27.7911,25.4855,27.4041,1242961500,27.4041
MSFT,2013-10,27.7417,29.8827,27.0089,28.3676,965331500,28.3676
MSFT,2013-11,29.3063,31.7687,29.1416,29.2569,800431600,29.2569
MSFT,2013-12,30.6486,32.3412,29.4787,30.6071,826617700,30.6071
MSFT,2014-01,30.9888,31.4368,28.732,31.3953,930226200,31.3953
MSFT,2014-02,31.4385,32.149,29.6115,30.3333,705304500,30.3333
MSFT,2014-03,31.9317,34.6902,31.3382,34.2638,778425700,34.2638
MSFT,2014-04,34.3558,34.8239,32.5168,32.7509,746112500,32.7509
MSFT,2014-05,33.7479,34.4887,32.1908,34.4635,574362900,34.4635
MSFT,2014-06,34.9938,35.5999,33.5543,34.3962,555767300,34.3962
MSFT,2014-07,36.5175,38.4789,34.5561,36.6859,731616500,36.6859
MSFT,2014-08,36.4585,38.5159,35.5326,36.0798,513919700,36.0798
MSFT,2014-09,38.482,40.2948,37.7197,39.2698,860827300,39.2698
MSFT,2014-10,39.1936,39.7865,35.6613,38.1347,853260900,38.1347
MSFT,2014-11,39.7188,42.3955,39.5832,40.7535,523005900,40.7535
MSFT,2014-12,41.2905,41.819,38.273,40.2079,626771200,40.2079
MSFT,2015-01,39.526,40.8387,34.3945,34.4372,918966800,34.4372
MSFT,2015-02,34.5991,38.0303,34.2923,35.6646,656509700,35.6646
MSFT,2015-03,36.9228,37.9358,34.8024,34.9054,824335300,34.9054
MSFT,2015-04,35.7725,42.5287,34.4419,41.756,874535300,41.756
MSFT,2015-05,41.9535,41.9878,39.5068,40.4894,633072800,40.4894
MSFT,2015-06,39.7722,41.2757,37.9664,38.1478,664853400,38.1478
MSFT,2015-07,40.8609,40.956,37.4307,40.5067,725458100,40.5067
MSFT,2015-08,37.5992,41.8287,34.5464,37.8514,776480300,37.8514
MSFT,2015-09,36.6773,39.1387,36.2337,38.4951,673079900,38.4951
MSFT,2015-10,41.2435,47.2882,38.0515,45.7835,856716800,45.7835
MSFT,2015-11,45.9662,48.1236,45.6879,47.0969,662626600,47.0969
MSFT,2015-12,48.4651,49.7785,47.0028,48.5789,792820900,48.5789
MSFT,2016-01,47.5632,48.5001,42.9925,48.2374,927914700,48.2374
MSFT,2016-02,45.6206,48.2374,42.1957,44.8709,814770900,44.8709
MSFT,2016-03,47.8076,49.0688,44.6064,48.7072,641110900,48.7072
MSFT,2016-04,45.7793,50.0653,43.5216,43.9802,699025700,43.9802
MSFT,2016-05,44.0949,47.0675,43.6186,47.0675,530704800,47.0675
MSFT,2016-06,44.9716,47.0231,42.6627,45.4423,823627000,45.4423
MSFT,2016-07,45.4068,50.8773,44.7496,50.3356,647587800,50.3356
MSFT,2016-08,50.4421,52.4544,49.856,50.5931,467078900,50.5931
MSFT,2016-09,51.5339,51.9986,49.6931,51.4714,526427800,51.4714
MSFT,2016-10,51.3016,54.8403,50.3276,53.5446,614841800,53.5446
MSFT,2016-11,53.5892,55.2467,51.1854,54.2122,613056800,54.2122
MSFT,2016-12,54.0772,57.6668,52.8987,55.9035,513579700,55.9035
MSFT,2017-01,55.9484,59.2951,55.7325,58.1616,493453500,58.1616
MSFT,2017-02,57.9007,59.0482,56.4523,57.9078,440744000,57.9078
MSFT,2017-03,58.5504,59.908,57.5819,59.6093,489169700,59.6093
MSFT,2017-04,59.5641,62.578,58.6952,61.9626,433191200,61.9626
MSFT,2017-05,61.3528,64.3932,61.1162,63.5739,517218500,63.5739
MSFT,2017-06,63.938,66.3502,61.9809,62.7456,629716800,62.7456
MSFT,2017-07,63.1097,67.743,61.9172,66.1773,469851200,66.1773
MSFT,2017-08,66.5414,68.5981,64.8847,68.4242,444070500,68.4242
MSFT,2017-09,68.3693,69.5224,66.7312,68.168,375983900,68.168
MSFT,2017-10,68.3693,78.8841,67.4542,76.1205,449950000,76.1205
MSFT,2017-11,77.0539,78.2318,75.6382,77.4133,421926000,77.4133
MSFT,2017-12,76.889,80.4759,74.2218,78.6733,466203300,78.6733
MSFT,2018-01,79.2159,87.7878,78.6365,87.3831,574258400,87.3831
MSFT,2018-02,87.1808,88.5605,77.1005,86.6478,725663300,86.6478
MSFT,2018-03,86.62,89.8542,80.4659,84.3376,750754800,84.3376
MSFT,2018-04,83.5984,90.4641,80.8632,86.4168,668130700,86.4168
MSFT,2018-05,92.1462,92.7958,85.428,91.8306,509417900,91.8306
MSFT,2018-06,92.1369,95.3015,90.2622,91.5151,602585200,91.5151
MSFT,2018-07,91.0418,103.1528,90.949,98.4476,569352300,98.4476
MSFT,2018-08,100.8947,105.0683,97.2968,100.2984,456628100,100.2984
MSFT,2018-09,100.8295,107.4067,99.8979,101.3046,480255500,101.3046
MSFT,2018-10,106.9036,108.2359,93.2647,99.5066,927548000,99.5066
MSFT,2018-11,99.7302,104.5653,92.9565,103.7539,720228600,103.7539
MSFT,2018-12,105.7281,106.1211,87.9134,95.0336,944314600,95.0336
MSFT,2019-01,98.2429,100.9563,90.9449,97.7096,714212800,97.7096
MSFT,2019-02,97.1014,106.4052,95.7634,105.2682,469095900,105.2682
MSFT,2019-03,106.1984,113.5276,102.2331,110.8215,589095800,110.8215
MSFT,2019-04,111.7705,123.4409,110.9718,122.7174,433157700,122.7174
MSFT,2019-05,122.6516,123.0396,115.6136,116.6452,547218800,116.6452
MSFT,2019-06,116.8055,130.5279,112.2408,126.3405,508324300,126.3405
MSFT,2019-07,128.6417,133.6213,127.0101,129.2641,484079900,129.2641
MSFT,2019-08,129.8176,132.9235,123.3414,130.3759,584482000,130.3759
MSFT,2019-09,129.9217,134.7192,127.2816,131.5587,472544800,131.5587
MSFT,2019-10,132.1549,137.8419,126.0609,135.6655,549523400,135.6655
MSFT,2019-11,138.8544,144.7959,135.287,143.7325,392371800,143.7325
MSFT,2019-12,144.1408,151.4898,139.2414,149.7332,450303300,149.7332
MSFT,2020-01,163.5102,165.2572,148.6033,164.0514,558530000,164.0514
MSFT,2020-02,155.4928,181.0661,144.7154,162.0145,887522300,162.0145
MSFT,2020-03,165.4706,166.6131,126.1689,150.1517,1612695500,150.1517
MSFT,2020-04,145.6675,171.7543,143.1539,170.6213,984705000,170.6213
MSFT,2020-05,171.9638,178.5235,165.4706,174.9536,688845000,174.9536
MSFT,2020-06,174.2757,195.146,173.1397,194.2963,764965400,194.2963
MSFT,2020-07,193.9431,206.5837,188.568,195.7284,770190800,195.7284
MSFT,2020-08,202.7266,221.2185,193.9431,211.6481,692423900,211.6481
MSFT,2020-09,199.4651,222.8549,187.818,201.293,768176300,201.293
MSFT,2020-10,204.6618,215.5337,191.0432,204.0875,631618000,204.0875
MSFT,2020-11,205.4375,218.3186,191.5217,206.5217,573443000,206.5217
MSFT,2020-12,212.4613,217.9882,200.6494,215.8581,594761700,215.8581
MSFT,2021-01,213.5264,232.8227,203.3649,222.5749,648076400,222.5749
MSFT,2021-02,223.2029,236.1715,219.1635,223.4914,490962200,223.4914
MSFT,2021-03,218.0671,231.8298,215.682,226.7517,724945800,226.7517
MSFT,2021-04,251.5745,253.123,228.9445,244.823,568661600,244.823
MSFT,2021-05,243.7074,244.621,228.9637,240.6842,495084900,240.6842
MSFT,2021-06,259.1828,261.8626,234.2448,261.1396,508572200,261.1396
MSFT,2021-07,259.896,279.6961,259.8864,267.6464,522672700,267.6464
MSFT,2021-08,288.7693,295.3852,273.517,293.212,441308900,293.212
MSFT,2021-09,292.5167,294.8829,271.9931,272.2829,502918700,272.2829
MSFT,2021-10,300.3687,320.6509,270.6699,312.1228,516515800,312.1228
MSFT,2021-11,324.0823,338.3347,315.2133,319.8732,509885200,319.8732
MSFT,2021-12,324.5853,333.1388,306.9657,330.1877,625674800,330.1877
MSFT,2022-01,324.4789,327.043,267.1013,300.899,947531400,300.899
MSFT,2022-02,286.1629,304.9047,263.2613,289.7019,697050600,289.7019
MSFT,2022-03,287.3846,306.3399,261.7876,298.9323,734334200,298.9323
MSFT,2022-04,273.5195,305.5255,261.7876,280.8204,627343400,280.8204
MSFT,2022-05,269.263,282.0325,239.5007,264.2147,742902000,264.2147
MSFT,2022-06,250.3367,269.8708,234.7095,249.5981,621372300,249.5981
MSFT,2022-07,249.1705,274.0594,239.0148,272.8349,534891800,272.8349
MSFT,2022-08,259.7112,285.8964,253.858,254.6469,477157600,254.6469
MSFT,2022-09,230.8641,260.4708,226.6568,226.8224,575586600,226.8224
MSFT,2022-10,225.0109,244.489,213.4118,229.7149,671225100,229.7149
MSFT,2022-11,234.9525,249.3679,207.8605,234.7181,615296000,234.7181
MSFT,2022-12,231.3584,257.7573,228.409,235.3822,591358700,235.3822
MSFT,2023-01,237.4039,243.9963,214.2281,242.0235,666168100,242.0235
MSFT,2023-02,258.5008,270.2975,239.7381,252.6654,615501000,252.6654
MSFT,2023-03,245.518,283.223,240.4757,282.2733,747635000,282.2733
MSFT,2023-04,280.0115,302.472,269.6136,282.3417,551520000,282.3417
MSFT,2023-05,300.5529,329.6364,297.0575,322.2281,600856900,322.2281
MSFT,2023-06,332.9432,344.875,316.4485,335.9065,547702200,335.9065
MSFT,2023-07,354.9621,359.8978,320.8641,329.6168,666746800,329.6168
MSFT,2023-08,316.1057,332.1876,306.3513,314.6308,479476200,314.6308
MSFT,2023-09,325.7816,335.1722,304.2864,310.4812,416742300,310.4812
MSFT,2023-10,339.2628,340.4231,306.0169,325.0146,540950200,325.0146
MSFT,2023-11,334.12,378.6543,333.9823,373.3435,563894000,373.3435
MSFT,2023-12,368.2002,372.6045,357.5687,369.1559,522081700,369.1559
MSFT,2024-01,368.3677,409.2186,361.1158,391.7392,528491200,391.7392
MSFT,2024-02,402.7397,414.6378,392.1083,402.2955,444091200,402.2955
MSFT,2024-03,405.9775,425.2759,393.2632,415.3059,426445300,415.3059
MSFT,2024-04,404.2894,423.8446,383.0366,402.3251,441083800,402.3251
MSFT,2024-05,413.2662,428.7921,385.2872,410.5269,413780000,410.5269
MSFT,2024-06,447.1661,451.1119,404.3858,447.1464,341717100,447.1464
MSFT,2024-07,448.1748,463.1568,407.6393,413.7112,440449200,413.7112
MSFT,2024-08,412.4954,422.8184,381.3046,412.9114,451919000,412.9114
MSFT,2024-09,414.021,437.7382,397.0702,426.2957,376898100,426.2957
MSFT,2024-10,421.3719,434.4194,402.5191,420.6488,440745500,420.6488
MSFT,2024-11,405.2038,425.8983,401.7959,404.659,442306200,404.659
MSFT,2024-12,435.8647,452.8197,417.5796,436.1129,439902400,436.1129
MSFT,2025-01,422.414,445.0966,407.7124,412.0206,462501200,412.0206
MSFT,2025-02,399.1303,417.0741,384.5087,397.5985,432448900,397.5985
MSFT,2025-03,385.006,400.0056,365.2817,373.3883,491786600,373.3883
MSFT,2025-04,384.9364,394.5449,342.9515,385.2348,563144100,385.2348
MSFT,2025-05,428.8112,460.8983,422.6343,458.7458,476942400,458.7458
MSFT,2025-06,491.2515,499.0042,455.288,490.5439,401255100,490.5439
MSFT,2025-07,494.7293,553.5024,486.9865,531.6294,396881900,531.6294
MSFT,2025-08,503.4178,536.3627,497.5787,503.318,454888500,503.318
MSFT,2025-09,502.8489,518.3298,491.4502,504.1764,424025500,504.1764
MSFT,2025-10,521.8134,552.6856,505.0547,519.5875,468447000,519.5875
MSFT,2025-11,518.8389,523.9793,464.89,492.01,479480700,492.01
MSFT,2025-12,485.68,493.5,470.88,486.85,456098900,486.85
TSLA,2010-06,1.7193,2.028,1.1693,1.5927,539301000,1.5927
TSLA,2010-07,1.4127,1.728,0.9987,1.4,968637000,1.4
TSLA,2010-08,1.3133,1.4787,1.1593,1.2987,225573000,1.2987
TSLA,2010-09,1.36,1.544,1.3,1.34,270688500,1.34
TSLA,2010-10,1.3793,1.458,1.3333,1.456,98217000,1.456
TSLA,2010-11,2.3513,2.4,1.4033,2.3047,424726500,2.3047
TSLA,2010-12,2.2673,2.428,1.6667,1.7753,553393500,1.7753
TSLA,2011-01,1.6493,1.914,1.4913,1.65,426301500,1.65
TSLA,2011-02,1.534,1.6993,1.4073,1.5927,439552500,1.5927
TSLA,2011-03,1.476,1.914,1.4513,1.4807,488449500,1.4807
TSLA,2011-04,1.83,1.8787,1.6133,1.84,448423500,1.84
TSLA,2011-05,1.7933,2.0187,1.7013,1.7813,455232000,1.7813
TSLA,2011-06,1.9967,2.1,1.7,1.942,595909500,1.942
TSLA,2011-07,1.9,2.0293,1.7753,1.8667,316531500,1.8667
TSLA,2011-08,1.742,1.9467,1.4333,1.6493,408235500,1.6493
TSLA,2011-09,1.7333,1.7993,1.486,1.7013,270322500,1.7013
TSLA,2011-10,1.6633,2.0,1.5287,1.958,324939000,1.958
TSLA,2011-11,2.1033,2.3333,1.8667,2.0967,387702000,2.0967
TSLA,2011-12,2.1887,2.3333,1.7353,1.904,316927500,1.904
TSLA,2012-01,1.9,2.0,1.5093,1.9293,384148500,1.9293
TSLA,2012-02,2.2067,2.3313,1.9333,2.2273,347904000,2.2273
TSLA,2012-03,2.3727,2.6633,2.1747,2.272,332452500,2.272
TSLA,2012-04,2.4887,2.5647,2.0667,2.2087,341293500,2.2087
TSLA,2012-05,2.0833,2.312,1.7887,2.068,512779500,2.068
TSLA,2012-06,1.856,2.3,1.8073,2.086,391906500,2.086
TSLA,2012-07,1.9933,2.4,1.814,1.93,488151000,1.93
TSLA,2012-08,1.9593,2.0867,1.7013,1.9013,367231500,1.9013
TSLA,2012-09,1.8547,2.1853,1.82,1.836,499426500,1.836
TSLA,2012-10,1.952,2.0067,1.7907,1.8753,264313500,1.8753
TSLA,2012-11,2.0867,2.286,1.88,2.0767,356413500,2.0767
TSLA,2012-12,2.272,2.3867,2.1833,2.258,325714500,2.258
TSLA,2013-01,2.5233,2.5807,2.1407,2.318,426969000,2.318
TSLA,2013-02,2.5667,2.6667,2.2533,2.322,663840000,2.322
TSLA,2013-03,2.35,2.6327,2.2833,2.608,444825000,2.608
TSLA,2013-04,2.9067,3.8787,2.6807,3.5993,1223221500,3.5993
TSLA,2013-05,3.7647,7.66,3.5333,5.8533,4968313500,5.8533
TSLA,2013-06,6.508,7.35,5.8833,6.358,2686720500,6.358
TSLA,2013-07,8.9867,9.166,6.9667,8.0167,3442923000,8.0167
TSLA,2013-08,9.0,11.5333,8.824,11.2667,3888999000,11.2667
TSLA,2013-09,11.9267,12.9667,10.5673,12.1553,2568159000,12.1553
TSLA,2013-10,10.8507,12.9487,10.2,10.6627,3876822000,10.6627
TSLA,2013-11,9.4,12.0953,7.74,10.8113,4625827500,10.8113
TSLA,2013-12,8.4233,10.5333,8.262,10.0287,2964568500,10.0287
TSLA,2014-01,11.9233,12.4,9.1113,9.8,2758984500,9.8
TSLA,2014-02,12.0467,17.6667,11.2907,16.3207,3389311500,16.3207
TSLA,2014-03,14.4333,17.3333,13.5333,16.704,2500284000,16.704
TSLA,2014-04,13.5733,15.7153,12.288,13.7947,2478117000,13.7947
TSLA,2014-05,14.02,14.5773,11.8147,13.8487,2022151500,13.8487
TSLA,2014-06,15.97,16.2993,13.2833,15.9373,1850440500,15.9373
TSLA,2014-07,15.284,16.2293,14.24,14.6047,1619290500,14.6047
TSLA,2014-08,15.0727,18.1333,15.0667,17.98,1722708000,17.98
TSLA,2014-09,16.4613,19.428,16.008,18.9413,1992724500,18.9413
TSLA,2014-10,16.68,17.7027,14.488,16.1133,2280787500,16.1133
TSLA,2014-11,15.6327,17.3327,15.2333,16.0133,1615827000,16.0133
TSLA,2014-12,13.6547,16.1647,12.8433,14.8273,1904193000,14.8273
TSLA,2015-01,13.5973,14.8833,12.3333,14.6207,1353076500,14.6207
TSLA,2015-02,13.598,15.032,12.8853,13.556,1600762500,13.556
TSLA,2015-03,12.902,13.746,12.0933,13.1553,1844851500,13.1553
TSLA,2015-04,13.2,15.9167,12.4033,15.07,1484176500,15.07
TSLA,2015-05,16.7333,16.858,14.6833,15.0687,1336917000,15.0687
TSLA,2015-06,16.8113,18.094,16.3787,17.884,982096500,17.884
TSLA,2015-07,17.84,19.11,16.7193,17.9433,1200915000,17.9433
TSLA,2015-08,17.7527,18.0667,13.0,16.604,1728961500,16.604
TSLA,2015-09,16.8,18.1047,15.798,15.9087,1204321500,15.9087
TSLA,2015-10,15.7067,16.656,13.4667,13.7953,1512180000,13.7953
TSLA,2015-11,15.4527,15.6387,13.72,14.2527,1177326000,14.2527
TSLA,2015-12,14.5007,16.242,14.3247,16.0007,897682500,16.0007
TSLA,2016-01,12.6633,15.4253,12.1607,14.894,1188708000,14.894
TSLA,2016-02,12.584,13.3013,9.4033,12.7953,2005587000,12.7953
TSLA,2016-03,15.2893,15.992,12.1,12.4233,1543830000,12.4233
TSLA,2016-04,16.9313,17.956,15.55,16.0507,2032609500,16.0507
TSLA,2016-05,14.8693,16.2127,13.5773,16.12,1549612500,16.12
TSLA,2016-06,14.4947,16.0567,12.5247,14.152,1825092000,14.152
TSLA,2016-07,15.38,15.6853,13.7333,14.4333,1110958500,14.4333
TSLA,2016-08,15.2913,15.7753,13.91,14.134,934366500,14.134
TSLA,2016-09,13.4807,14.0733,12.8967,13.3847,1059478500,13.3847
TSLA,2016-10,14.2067,14.378,12.8,13.182,1381992000,13.182
TSLA,2016-11,12.2327,13.29,11.8793,12.3347,1483290000,12.3347
TSLA,2016-12,13.2493,14.92,12.0,14.246,1319901000,14.246
TSLA,2017-01,16.616,17.2307,14.064,14.466,1510194000,14.466
TSLA,2017-02,16.87,19.1593,16.134,16.666,1793100000,16.666
TSLA,2017-03,18.582,18.8,16.1853,16.668,1605529500,16.668
TSLA,2017-04,19.792,20.9867,18.972,20.938,1754259000,20.938
TSLA,2017-05,22.5127,22.8593,19.384,21.522,2220694500,21.522
TSLA,2017-06,25.0,25.7993,22.2807,24.1073,2789266500,24.1073
TSLA,2017-07,22.3667,24.7567,20.2087,23.508,2724600000,23.508
TSLA,2017-08,21.2627,24.6667,20.748,23.7267,2054124000,23.7267
TSLA,2017-09,22.7907,25.974,22.36,23.6933,1672690500,23.6933
TSLA,2017-10,22.3933,24.2,21.1107,22.102,1845550500,22.102
TSLA,2017-11,20.5707,22.174,19.5087,21.4053,2232192000,21.4053
TSLA,2017-12,22.7287,23.1627,20.0,20.7567,1648270500,20.7567
TSLA,2018-01,23.1673,24.0333,20.3787,21.3687,1864072500,21.3687
TSLA,2018-02,23.4,23.9993,19.6507,22.8707,1637850000,22.8707
TSLA,2018-03,17.0993,23.2447,16.5473,22.062,2359027500,22.062
TSLA,2018-04,19.678,20.6333,16.306,20.0053,2854662000,20.0053
TSLA,2018-05,19.1473,20.866,18.228,19.9947,2333671500,19.9947
TSLA,2018-06,19.0573,24.9153,18.9227,22.8633,3201376500,22.8633
TSLA,2018-07,19.4833,24.3187,19.0753,22.338,2584923000,22.338
TSLA,2018-08,19.866,25.8307,19.2133,20.1107,4160403000,20.1107
TSLA,2018-09,18.0173,20.9973,16.8167,19.2633,2941131000,19.2633
TSLA,2018-10,17.4,23.144,16.518,22.488,4295410500,22.488
TSLA,2018-11,22.7887,24.45,21.6667,22.952,1995286500,22.952
TSLA,2018-12,24.0,25.2993,19.606,22.1867,2196768000,22.1867
TSLA,2019-01,20.0667,23.4667,18.6187,20.6747,2634781500,20.6747
TSLA,2019-02,20.8653,21.616,19.2513,21.3253,1928251500,21.3253
TSLA,2019-03,18.58,20.4753,16.964,19.6527,3206902500,19.6527
TSLA,2019-04,18.8413,19.7447,15.4087,15.9127,3461209500,15.9127
TSLA,2019-05,12.34,17.2233,12.2733,15.6007,4238982000,15.6007
TSLA,2019-06,12.3673,15.6493,11.7993,14.8973,3224559000,14.8973
TSLA,2019-07,16.2,17.738,14.8147,15.1447,2990050500,15.1447
TSLA,2019-08,16.1767,16.3007,14.0667,15.0407,2006859000,15.0407
TSLA,2019-09,16.2,16.9,14.5573,15.0007,2036629500,15.0007
TSLA,2019-10,16.2193,22.7227,14.952,20.9947,3419739000,20.9947
TSLA,2019-11,22.074,24.08,20.6173,20.8873,2366562000,20.8873
TSLA,2019-12,24.07,29.0207,21.8167,27.8887,3106200000,27.8887
TSLA,2020-01,42.6667,43.5333,28.114,28.684,6108277500,28.684
TSLA,2020-02,44.9127,64.5993,40.768,44.5327,7088802000,44.5327
TSLA,2020-03,33.4167,53.7987,23.3673,49.5747,6314025000,49.5747
TSLA,2020-04,33.6,57.988,29.76,52.1253,5722162500,52.1253
TSLA,2020-05,53.9167,56.2193,45.536,46.7547,4090554000,46.7547
TSLA,2020-06,65.8473,72.5127,56.94,71.9873,3836590500,71.9873
TSLA,2020-07,101.0,119.666,72.0333,74.642,5679502500,74.642
TSLA,2020-08,96.6133,166.7133,91.0,166.1067,4672135200,166.1067
TSLA,2020-09,140.44,167.4967,109.96,158.35,5208854400,158.35
TSLA,2020-10,140.4633,155.3,126.37,129.3467,2500999200,129.3467
TSLA,2020-11,200.7367,202.6,130.7667,133.5033,2347796400,133.5033
TSLA,2020-12,206.3333,239.5733,180.4033,235.2233,3589038000,235.2233
TSLA,2021-01,276.6667,300.1333,239.0633,243.2567,2117084400,243.2567
TSLA,2021-02,271.43,293.5,206.3333,225.1667,1568573700,225.1667
TSLA,2021-03,215.54,240.37,179.83,239.4767,2827357200,239.4767
TSLA,2021-04,229.4567,260.2633,219.8067,230.54,2035619100,230.54
TSLA,2021-05,209.5,235.3333,182.3267,228.3,1875527400,228.3
TSLA,2021-06,206.71,232.54,190.4067,226.5667,1559765700,226.5667
TSLA,2021-07,223.92,233.3333,206.82,225.9733,1345349400,225.9733
TSLA,2021-08,244.3333,246.7967,216.28,243.6367,1143974700,243.6367
TSLA,2021-09,260.3333,266.3333,236.2833,244.6967,1170513900,244.6967
TSLA,2021-10,259.4667,371.7367,254.53,371.3333,1586803800,371.3333
TSLA,2021-11,381.6667,414.4967,326.2,390.6667,1947334500,390.6667
TSLA,2021-12,386.9,390.9467,295.3733,352.26,1530167700,352.26
TSLA,2022-01,317.4767,402.6667,264.0033,276.3667,1916006400,276.3667
TSLA,2022-02,302.79,315.9233,233.3333,290.1433,1391126700,290.1433
TSLA,2022-03,289.8933,371.59,252.0133,293.2967,1729272900,293.2967
TSLA,2022-04,360.3833,384.29,273.9,290.2533,1520959800,290.2533
TSLA,2022-05,257.9467,318.5,206.8567,300.98,1948221600,300.98
TSLA,2022-06,251.72,264.21,208.6933,224.4733,2011227900,224.4733
TSLA,2022-07,280.7,298.32,216.1667,227.2633,1744884000,227.2633
TSLA,2022-08,294.0033,314.6667,271.81,275.61,1695263200,275.61
TSLA,2022-09,282.76,313.8,262.47,265.25,1299271000,265.25
TSLA,2022-10,254.5,257.5,198.59,227.54,1735263100,227.54
TSLA,2022-11,173.57,237.4,166.19,182.86,1885275300,182.86
TSLA,2022-12,197.08,198.92,108.24,123.18,2944247700,123.18
TSLA,2023-01,141.91,180.68,101.81,160.27,3897499400,160.27
TSLA,2023-02,193.01,217.65,169.93,205.71,3624845100,205.71
TSLA,2023-03,192.0,207.79,163.91,193.88,3311619900,193.88
TSLA,2023-04,187.15,202.69,152.37,164.31,2505176300,164.31
TSLA,2023-05,199.78,204.48,158.83,201.16,2682606200,201.16
TSLA,2023-06,202.59,276.99,199.37,261.77,3442689200,261.77
TSLA,2023-07,267.48,299.29,254.12,266.44,2393089100,266.44
TSLA,2023-08,255.57,266.47,212.36,258.08,2502358000,258.08
TSLA,2023-09,240.02,278.98,234.58,250.22,2440441700,250.22
TSLA,2023-10,250.05,268.94,194.07,200.84,2591021000,200.84
TSLA,2023-11,236.89,252.75,197.85,246.72,2651052200,246.72
TSLA,2023-12,233.14,265.13,228.2,248.48,2295511900,248.48
TSLA,2024-01,189.7,251.25,180.06,183.25,2344213400,183.25
TSLA,2024-02,177.21,205.6,175.01,188.86,2019844700,188.86
TSLA,2024-03,178.58,204.52,160.51,179.83,1899578200,179.83
TSLA,2024-04,156.74,198.87,138.8,183.28,2481452200,183.28
TSLA,2024-05,176.4,187.56,167.75,176.19,1668119300,176.19
TSLA,2024-06,178.13,203.2,167.41,197.88,1405077400,197.88
TSLA,2024-07,232.25,271.0,200.85,232.07,2946114300,232.07
TSLA,2024-08,227.69,231.87,182.0,214.11,1618373100,214.11
TSLA,2024-09,257.38,264.86,209.64,261.63,1611148200,261.63
TSLA,2024-10,262.67,273.54,212.11,249.85,1910807800,249.85
TSLA,2024-11,343.81,361.93,238.88,352.56,2091452000,352.56
TSLA,2024-12,419.4,488.54,348.2,403.84,1903365900,403.84
TSLA,2025-01,394.8,439.74,373.04,398.09,1510371900,398.09
TSLA,2025-02,386.68,394.0,273.6,292.98,1581998600,292.98
TSLA,2025-03,272.48,303.94,217.02,263.55,2718957500,263.55
TSLA,2025-04,263.8,294.86,214.25,282.16,2957985600,282.16
TSLA,2025-05,365.29,367.71,271.0,346.46,2195384900,346.46
TSLA,2025-06,317.31,357.54,273.21,317.66,2428761900,317.66
TSLA,2025-07,322.18,338.0,288.77,308.27,2157408700,308.27
TSLA,2025-08,306.21,355.39,297.82,333.87,1603195500,333.87
TSLA,2025-09,428.3,450.98,325.6,443.21,1973602100,443.21
TSLA,2025-10,443.8,470.75,411.45,456.56,2032095000,456.56
TSLA,2025-11,402.17,474.07,382.78,419.4,1628434400,419.4
TSLA,2025-12,449.94,498.83,422.12,446.74,1461105100,446.74
